,drug,withdrawn_class,smiles
0,chembl479,1,CSc1ccc2c(c1)N(CCC1CCCCN1C)c1ccccc1S2
1,chembl12713,1,O=C1NCCN1CCN1CCC(c2cn(-c3ccc(F)cc3)c3ccc(Cl)cc23)CC1
2,chembl583,1,Cc1c(F)c(N2CCNC(C)C2)cc2c1c(=O)c(C(=O)O)cn2C1CC1
3,chembl17157,1,CC(C)(C)c1ccc(C(O)CCCN2CCC(C(O)(c3ccccc3)c3ccccc3)CC2)cc1
4,chembl121,1,CN(CCOc1ccc(CC2SC(=O)NC2=O)cc1)c1ccccn1
5,chembl122,1,CS(=O)(=O)c1ccc(C2=C(c3ccccc3)C(=O)OC2)cc1
6,chembl850,1,C[C@@H]1CN(c2c(F)c(N)c3c(=O)c(C(=O)O)cn(C4CC4)c3c2F)C[C@H](C)N1
7,chembl296419,1,COc1ccc(CCN2CCC(Nc3nc4ccccc4n3Cc3ccc(F)cc3)CC2)cc1
8,chembl865,1,Cc1onc(-c2ccccc2)c1-c1ccc(S(N)(=O)=O)cc1
9,chembl45816,1,COCC(=O)O[C@]1(CCN(C)CCCc2nc3ccccc3[nH]2)CCc2cc(F)ccc2[C@@H]1C(C)C
10,chembl61006,1,CC(N)C(O)c1ccccc1
11,chembl421701,1,CCN1/C(=C/C=C/C=C/c2sc3ccccc3[n+]2CC)Sc2ccccc21.[I-]
12,chembl315838,1,COc1ccc(C(=O)Nc2ccccc2CCC2CCCCN2C)cc1
13,chembl1275,1,CCCN1C[C@H](CSC)C[C@@H]2c3cccc4[nH]cc(c34)C[C@H]21.CS(=O)(=O)O
14,chembl363295,1,CC(CC(c1ccccc1)c1ccccc1)NC(C)(C)C
15,chembl1419,1,CC(C)CC(N(C)C)C1(c2ccc(Cl)cc2)CCC1
16,chembl1514,1,CC[C@H](OC(C)=O)C(C[C@H](C)N(C)C)(c1ccccc1)c1ccccc1
17,chembl248702,1,CCN[C@@H](C)Cc1cccc(C(F)(F)F)c1
18,chembl515914,1,CC(=O)OC[C@H]1O[C@@H](n2ncc(=O)[nH]c2=O)[C@H](OC(C)=O)[C@@H]1OC(C)=O
19,chembl539770,1,CC(CC(c1ccccc1)c1ccccc1)NC(C)(C)C.Cl
20,chembl1185568,1,CCN1C(=CC=CC=Cc2sc3ccccc3[n+]2CC)Sc2ccccc21
21,chembl1200393,1,Cc1c(F)c(N2CCNC(C)C2)cc2c1c(=O)c(C(=O)O)cn2C1CC1.Cl
22,chembl1200595,1,CC(C)(N)Cc1ccc(Cl)cc1.Cl
23,chembl1200817,1,CC[C@H](OC(C)=O)C(C[C@H](C)N(C)C)(c1ccccc1)c1ccccc1.Cl
24,chembl1201269,1,CC(C)(N)Cc1ccc(Cl)cc1
25,chembl1237104,1,CCC(=O)O[C@](Cc1ccccc1)(c1ccccc1)[C@H](C)CN(C)C.Cl
26,chembl1474889,1,CC(CN(C)C)C(C)(O)Cc1ccc(Cl)cc1
27,chembl1534525,1,COCC(=O)O[C@]1(CCN(C)CCCc2nc3ccccc3[nH]2)CCc2cc(F)ccc2[C@@H]1C(C)C.Cl.Cl
28,chembl1697686,1,CCOC(=O)NC(C)(C)Cc1ccc(Cl)cc1
29,chembl1887891,1,CCN[C@@H](C)Cc1cccc(C(F)(F)F)c1.Cl
30,chembl2106155,1,COc1ccc(C(=O)Nc2ccccc2CCC2CCCCN2C)cc1.Cl
31,chembl2106217,1,CCNC(C)Cc1cccc(C(F)(F)F)c1.Cl
32,chembl3989716,1,CCC(=O)O[C@](Cc1ccccc1)(c1ccccc1)[C@H](C)CN(C)C.O.O=S(=O)(O)c1ccc2ccccc2c1
33,chembl408,1,Cc1c(C)c2c(c(C)c1O)CCC(C)(COc1ccc(CC3SC(=O)NC3=O)cc1)O2
34,chembl436,1,COc1ccc2c(C(=S)N(C)CC(=O)O)cccc2c1C(F)(F)F
35,chembl267744,1,O=C(O)COc1ccc(C(=O)c2cccs2)c(Cl)c1Cl
36,chembl273575,1,CN1Cc2c(N)cccc2C(c2ccccc2)C1
37,chembl27193,1,C[C@H](CCc1ccccc1)NC[C@H](O)c1ccc(O)c(C(N)=O)c1
38,chembl36506,1,CO[C@@H]1[C@@H](OC(N)=O)[C@@H](O)[C@H](Oc2ccc3c(O)c(NC(=O)c4ccc(O)c(CC=C(C)C)c4)c(=O)oc3c2C)OC1(C)C
39,chembl54349,1,CCCN(CCC)C(=O)Cc1c(-c2ccc(Cl)cc2)nc2ccc(Cl)cn12
40,chembl75880,1,C1CCC(C(CC2CCCCN2)C2CCCCC2)CC1
41,chembl329522,1,O=C(c1cc(O)c(O)c(O)c1)c1ccc(O)c(O)c1O
42,chembl1177,1,NC1=NC(=O)C(c2ccccc2)O1
43,chembl340978,1,CC(C(=O)O)c1ccc2oc(-c3ccc(Cl)cc3)nc2c1
44,chembl341812,1,CC(C)Cc1ccc(CC(=O)O)cc1
45,chembl141305,1,CC(=O)Oc1ccc(C(=C2CCCCC2)c2ccc(OC(C)=O)cc2)cc1
46,chembl139877,1,NC(=O)NS(=O)(=O)c1ccc(N)cc1
47,chembl159226,1,CC(=O)Oc1cc(C(C)C)c(OCCN(C)C)cc1C
48,chembl1341,1,COC(F)(F)C(Cl)Cl
49,chembl188952,1,CC(C(=O)O)c1ccc(N2CC=CC2)c(Cl)c1
50,chembl232201,1,CCc1oc2ccccc2c1C(=O)c1cc(I)c(O)c(I)c1
51,chembl245807,1,O=C1Nc2ccccc2C1(c1ccc(O)cc1)c1ccc(O)cc1
52,chembl254857,1,O=C(COc1ccc(Cl)cc1)N1CCN(Cc2ccc3c(c2)OCO3)CC1
53,chembl404849,1,CCCCCCCCNC(C)C(O)c1ccc(SC(C)C)cc1
54,chembl1089221,1,O=C(O)COc1nn(Cc2ccccc2)c2ccccc12
55,chembl1200498,1,CS(=O)(=O)O.C[C@H](N)C(=O)N[C@@H](C)C(=O)N[C@H]1[C@@H]2CN(c3nc4c(cc3F)c(=O)c(C(=O)O)cn4-c3ccc(F)cc3F)C[C@@H]21
56,chembl1200714,1,CN1C(=O)CCS(=O)(=O)C1c1ccc(Cl)cc1
57,chembl1201197,1,C[C@H](N)C(=O)N[C@@H](C)C(=O)N[C@H]1[C@@H]2CN(c3nc4c(cc3F)c(=O)c(C(=O)O)cn4-c3ccc(F)cc3F)C[C@@H]21
58,chembl1256842,1,CN1Cc2c(N)cccc2C(c2ccccc2)C1.O=C(O)/C=C\C(=O)O
59,chembl1334033,1,C1CCC(C(CC2CCCCN2)C2CCCCC2)CC1.O=C(O)/C=C\C(=O)O
60,chembl1402684,1,CC(=O)Oc1ccc(C2(c3ccc(OC(C)=O)cc3)C(=O)Nc3ccccc32)cc1
61,chembl1474963,1,CCc1oc2ccccc2c1C(=O)c1ccc(O)cc1
62,chembl1615350,1,CN(C)CCCC1c2ccccc2Nc2ccc(Cl)cc21
63,chembl1697751,1,CC(C)Nc1ncccn1.O=P(O)(O)O
64,chembl1909282,1,O=C(O)Cc1csc(-c2ccc(Cl)cc2)n1
65,chembl1909283,1,CC(NN)c1ccccc1
66,chembl1909285,1,Cc1nc([N+](=O)[O-])cn1-c1ccc([N+](=O)[O-])cc1
67,chembl1909286,1,CC(COc1ccccc1)NN
68,chembl1909288,1,CC(=O)Oc1ccc(C2(c3ccc(OC(C)=O)cc3)C(=O)N(C(C)=O)c3ccccc32)cc1
69,chembl1909289,1,CCOC(Nc1ccc(C(=O)O)cc1)C(=O)c1ccc(-c2ccccc2)cc1
70,chembl1740513,1,CC(C)Nc1ncccn1
71,chembl1742471,1,NC(N)=Nc1nc(CSCCN/C=N/S(=O)(=O)c2ccc(Br)cc2)cs1
72,chembl2104136,1,CN(C)CCCC1c2ccccc2Nc2ccc(Cl)cc21.O=P(O)(O)O
73,chembl2105740,1,Cc1cc2c(cc1CC(=O)c1sccc1S(=O)(=O)[N-]c1onc(C)c1Cl)OCO2.[Na+]
74,chembl2107495,1,CC1CN(c2cc3c(cc2F)c(=O)c(C(=O)O)cn3-c2ccc(F)cc2F)CCN1.Cl
75,chembl2355333,1,CN(C)C/C=C(/c1ccc(Br)cc1)c1cccnc1.Cl.Cl.O
76,chembl3183453,1,CO[C@@H]1[C@@H](OC(N)=O)[C@@H](O)[C@H](Oc2ccc3c([O-])c(NC(=O)c4ccc(O)c(CC=C(C)C)c4)c(=O)oc3c2C)OC1(C)C.[Na+]
77,chembl268164,1,CCC1(C2=CCCCC2)C(=O)NC(=O)NC1=O
78,chembl497,1,Oc1c(I)cc(Cl)c2cccnc12
79,chembl13280,1,CN1C(=O)CN=C(c2ccccc2F)c2cc([N+](=O)[O-])ccc21
80,chembl101,1,CCCCC1C(=O)N(c2ccccc2)N(c2ccccc2)C1=O
81,chembl282052,1,Cc1ccccc1-n1c(C)nc2ccccc2c1=O
82,chembl278819,1,Cc1cc(-c2ccccc2)nnc1NCCN1CCOCC1
83,chembl418995,1,O=C(O)CCCCCCNC1c2ccccc2CCc2ccccc21
84,chembl127516,1,CCCCOC(=O)c1ccc(N)cc1
85,chembl346235,1,CCN(CC)CCOc1ccc2nc(N(C)C)sc2c1.Cl.Cl
86,chembl201960,1,CCCC(C(=O)c1ccc(C)cc1)N1CCCC1
87,chembl1184360,1,CCN(CC)CCOc1ccc2nc(N(C)C)sc2c1
88,chembl1364551,1,Cc1cc(-c2ccccc2)nnc1NCCN1CCOCC1.Cl.Cl
89,chembl1418176,1,C[C@]12C=CC(=O)C=C1CC[C@@H]1[C@@H]2CC[C@@]2(C)[C@H]1CC[C@]2(C)O
90,chembl1697760,1,CC(c1ccc(Cl)c(Cl)c1)N1N=C(N)CC1=O
91,chembl2104607,1,CCN(CC)C(=O)c1cccnc1
92,chembl2105581,1,C=CCN1CCCC1CNC(=O)c1cc(S(N)(=O)=O)cc(OC)c1OC
93,chembl2105941,1,CCC1(CCC(C)C)C(=O)N=C([O-])NC1=O.[Na+]
94,chembl2106556,1,CCC1(C2=CCCCC2)C(=O)[N-]C(=O)NC1=O.CCC1(C2=CCCCC2)C(=O)[N-]C(=O)NC1=O.[Ca+2]
95,chembl411,1,CC/C(=C(/CC)c1ccc(O)cc1)c1ccc(O)cc1
96,chembl437,1,Nc1ccc(S(=O)(=O)Nc2nccs2)cc1
97,chembl268869,1,COc1ccc(NS(=O)(=O)c2ccc(N)cc2)nn1
98,chembl464,1,CCOC(=O)/C=C(C)/C=C/C=C(C)/C=C/c1c(C)cc(OC)c(C)c1C
99,chembl16073,1,CCOc1ccc(NC(C)=O)cc1
100,chembl15677,1,O=C(O)Cc1ccccc1Oc1ccc(Cl)cc1Cl
101,chembl276520,1,c1ccc2c(CCC3CCNCC3)c[nH]c2c1
102,chembl15870,1,CC(C(=O)O)c1ccc(N2Cc3ccccc3C2=O)cc1
103,chembl16476,1,CC(C)NCC(O)c1ccc2ccccc2c1
104,chembl19490,1,Cc1cc(CC(=O)O)n(C)c1C(=O)c1ccc(Cl)cc1
105,chembl24944,1,O=C(Nc1ccc(Br)cc1)c1cc(Br)cc(Br)c1O
106,chembl22242,1,CCN1CCC[C@H]1CNC(=O)c1c(OC)ccc(Br)c1OC
107,chembl772,1,COC(=O)[C@H]1[C@H]2C[C@@H]3c4[nH]c5cc(OC)ccc5c4CCN3C[C@H]2C[C@@H](OC(=O)c2cc(OC)c(OC)c(OC)c2)[C@@H]1OC
108,chembl290106,1,Oc1c(Cl)cc(Cl)cc1Sc1cc(Cl)cc(Cl)c1O
109,chembl39736,1,CCCCNC(=N)NC(=N)N
110,chembl288470,1,Cc1c(N(C)C)c(=O)n(-c2ccccc2)n1C
111,chembl44618,1,ClC(Cl)Cl
112,chembl869,1,NC(=O)N/N=C/c1ccc([N+](=O)[O-])o1
113,chembl53418,1,O=C1c2cccc(O)c2C(=O)c2c(O)cccc21
114,chembl54976,1,N[C@@H](Cc1c[nH]c2ccccc12)C(=O)O
115,chembl291338,1,O=C(Nc1ccc(Cl)c(Cl)c1)c1cc(Cl)cc(Cl)c1O
116,chembl956,1,CC(C(=O)O)c1ccc(C(=O)c2cccs2)cc1
117,chembl62193,1,COc1cc(NS(=O)(=O)c2ccc(N)cc2)nc(OC)n1
118,chembl73234,1,CCN(CC)CCOCCOC(=O)C1(c2ccccc2)CCCC1
119,chembl94081,1,C=CCOc1ccc(CC(=O)O)cc1Cl
120,chembl316561,1,CCCN(CCC)C(=O)C(CCC(=O)O)NC(=O)c1ccccc1
121,chembl110691,1,CC(=O)O[C@]1(C(C)=O)CC[C@H]2[C@@H]3C=C(Cl)C4=CC(=O)CC[C@]4(C)[C@H]3CC[C@@]21C
122,chembl1228,1,CCCCC1C(=O)N(c2ccccc2)N(c2ccc(O)cc2)C1=O
123,chembl345524,1,O=C(OCCN1CCN(c2cccc(C(F)(F)F)c2)CC1)c1ccccc1Nc1ccnc2cc(C(F)(F)F)ccc12
124,chembl170988,1,N=C(N)NC(=N)NCCc1ccccc1
125,chembl187709,1,CCN(CC)CCOc1ccc(C(O)(Cc2ccc(Cl)cc2)c2ccc(C)cc2)cc1
126,chembl1477,1,COCc1c(C(C)C)nc(C(C)C)c(/C=C/[C@@H](O)C[C@@H](O)CC(=O)O)c1-c1ccc(F)cc1
127,chembl461522,1,Cc1c(N(C)CS(=O)(=O)O)c(=O)n(-c2ccccc2)n1C
128,chembl1165342,1,CC[C@]12CCCN3CCc4c(n(c5ccccc45)[C@@](O)(C(=O)OC)C1)[C@@H]32
129,chembl1200359,1,COc1cnc(NS(=O)(=O)c2ccc(N)cc2)nc1
130,chembl1200549,1,C=CC[N+]1([C@H]2C[C@H]3[C@@H]4CC[C@H]5C[C@H](OC(C)=O)[C@@H](N6CCCCC6)C[C@]5(C)[C@H]4CC[C@]3(C)[C@H]2OC(=O)CC)CCCCC1.[Br-]
131,chembl1200563,1,COCc1c(C(C)C)nc(C(C)C)c(/C=C/[C@@H](O)C[C@@H](O)CC(=O)[O-])c1-c1ccc(F)cc1.[Na+]
132,chembl1200731,1,[Cl-].[K+]
133,chembl1200947,1,CC(=O)Oc1c(C)cc(OCC(O)CNC(C)C)c(C)c1C.Cl
134,chembl1201071,1,CN(C)[C@@H]1C(O)=C(C(N)=O)C(=O)[C@@]2(O)C(O)=C3C(=O)c4c(O)cccc4[C@@](C)(O)[C@H]3C[C@@H]12.O=P(O)(O)O
135,chembl1201352,1,C=CC[N+]1([C@H]2C[C@H]3[C@@H]4CC[C@H]5C[C@H](OC(C)=O)[C@@H](N6CCCCC6)C[C@]5(C)[C@H]4CC[C@]3(C)[C@H]2OC(=O)CC)CCCCC1
136,chembl1255739,1,CN(C)CCN(Cc1cccs1)c1ccccn1.Cl
137,chembl1256696,1,CCN(CC)CCOCCOC(=O)C1(c2ccccc2)CCCC1.O=C(O)CC(O)(CC(=O)O)C(=O)O
138,chembl1411979,1,CN(C)CCN(Cc1cccs1)c1ccccn1
139,chembl1447476,1,[Na+].[Na+].[O-]c1c(Cl)cc(Cl)cc1Sc1cc(Cl)cc(Cl)c1[O-]
140,chembl1452696,1,CC(C)=CCC1C(=O)N(c2ccccc2)N(c2ccccc2)C1=O
141,chembl1463345,1,C[C@]12CCC(=O)C=C1C=C[C@@H]1[C@@H]2CC[C@@]2(C)[C@H]1CC[C@@]21CCC(=O)O1
142,chembl1528839,1,Cl.N=C(N)NC(=N)NCCc1ccccc1
143,chembl1551365,1,CCON=O
144,chembl1697856,1,CCOc1ccc(NC(=O)CC(C)O)cc1
145,chembl1712842,1,CC(=O)O.CN1CCCC(CN2c3ccccc3Sc3ccccc32)C1
146,chembl1801800,1,O=C(Nc1ccccc1)c1cc(Br)cc(Br)c1O
147,chembl1874750,1,COc1cc(/C=C/C(=O)N2CCN(CC(=O)N3CCCC3)CC2)cc(OC)c1OC
148,chembl1908307,1,Cn1cc([S+](C)[O-])c(=O)c2ccc(F)cc21
149,chembl2104489,1,CC(=O)O[C@]1(C(C)=O)CCC2[C@@H]3C[C@H](C)C4=CCCC[C@]4(C)[C@H]3CC[C@@]21C
150,chembl2104537,1,COc1cc(C(=O)OC(COCCC(C)C)CN2CCOCC2)cc(OC)c1OC
151,chembl2105345,1,CCCOC(=O)Cc1ccc(OCC(=O)N(CC)CC)c(OC)c1
152,chembl2105458,1,CN1CCC(N(Cc2cccs2)c2ccccc2)CC1
153,chembl2105527,1,CN1C(=O)CN=C(C2=CCCCC2)c2cc(Cl)ccc21
154,chembl2106915,1,COc1cc2c(cc1OC)C(CCc1ccc(Cl)cc1)N(C)CC2
155,chembl2303617,1,C1CCN2C[C@H]3C[C@H](CN4CCCC[C@@H]34)[C@H]2C1.O.O.O.O.O.O=S(=O)(O)O
156,chembl2311071,1,C=CCl
157,chembl3301670,1,CN(C)CC(C)(C)OC(=O)C(O)(c1ccccc1)c1ccccc1.Cl
158,chembl3304486,1,CN(C)CC(C)(C)OC(=O)C(O)(c1ccccc1)c1ccccc1
159,chembl3989403,1,Cc1cc(CC(=O)[O-])n(C)c1C(=O)c1ccc(Cl)cc1.O.O.[Na+]
160,chembl3989556,1,CCN1CCC[C@H]1CNC(=O)c1c(OC)ccc(Br)c1OC.Cl.O
161,chembl3989676,1,CCCCC1C(=O)N(c2ccccc2)N(c2ccc(O)cc2)C1=O.O
162,chembl3989803,1,Cc1c(N(C)CS(=O)(=O)[O-])c(=O)n(-c2ccccc2)n1C.O.[Na+]
163,chembl4297088,1,N=C(NCCCCCCNC(=N)NC(=N)Nc1ccc(Cl)cc1)NC(=N)Nc1ccc(Cl)cc1.O=C(O)[C@H](O)[C@@H](O)[C@H](O)[C@H](O)CO.O=C(O)[C@H](O)[C@@H](O)[C@H](O)[C@H](O)CO
164,clonazepam,0,O=C1CN=C(c2ccccc2Cl)c2cc([N+](=O)[O-])ccc2N1
165,vecuronium bromide,0,CC(=O)O[C@H]1C[C@@H]2CC[C@@H]3[C@H](CC[C@@]4(C)[C@H]3C[C@H]([N+]3(C)CCCCC3)[C@@H]4OC(C)=O)[C@@]2(C)C[C@@H]1N1CCCCC1.[Br-]
166,vecuronium bromide ,0,CC(=O)O[C@H]1C[C@@H]2CC[C@@H]3[C@H](CC[C@@]4(C)[C@H]3C[C@H]([N+]3(C)CCCCC3)[C@@H]4OC(C)=O)[C@@]2(C)C[C@@H]1N1CCCCC1.[Br-]
167,oseltamivir phosphate,0,CCOC(=O)C1=C[C@@H](OC(CC)CC)[C@H](NC(C)=O)[C@@H](N)C1.O=P(O)(O)O
168,iloperidone,0,COc1cc(C(C)=O)ccc1OCCCN1CCC(c2noc3cc(F)ccc23)CC1
169,sulindac,0,CC1=C(CC(=O)O)c2cc(F)ccc2/C1=C\c1ccc([S+](C)[O-])cc1
170,tobramycin,0,NC[C@H]1O[C@H](O[C@H]2[C@H](O)[C@@H](O[C@H]3O[C@H](CO)[C@@H](O)[C@H](N)[C@H]3O)[C@H](N)C[C@@H]2N)[C@H](N)C[C@@H]1O
171,doxycycline hyclate,0,CCO.C[C@H]1c2cccc(O)c2C(=O)C2=C(O)[C@]3(O)C(=O)C(C(N)=O)=C(O)[C@@H](N(C)C)[C@@H]3[C@@H](O)[C@@H]21.C[C@H]1c2cccc(O)c2C(=O)C2=C(O)[C@]3(O)C(=O)C(C(N)=O)=C(O)[C@@H](N(C)C)[C@@H]3[C@@H](O)[C@@H]21.Cl.Cl.O
172,phentermine hydrochloride,0,CC(C)(N)Cc1ccccc1.Cl
173,metronidazole,0,Cc1ncc([N+](=O)[O-])n1CCO
174,dicyclomine hydrochloride,0,CCN(CC)CCOC(=O)C1(C2CCCCC2)CCCCC1.Cl
175,albuterol sulfate,0,CC(C)(C)NCC(O)c1ccc(O)c(CO)c1.CC(C)(C)NCC(O)c1ccc(O)c(CO)c1.O=S(=O)(O)O
176,amitriptyline hydrochloride,0,CN(C)CCC=C1c2ccccc2CCc2ccccc21.Cl
177,amitriptyline hydrochloride ,0,CN(C)CCC=C1c2ccccc2CCc2ccccc21.Cl
178,hydroxyzine hydrochloride,0,Cl.Cl.OCCOCCN1CCN(C(c2ccccc2)c2ccc(Cl)cc2)CC1
179,diazepam,0,CN1C(=O)CN=C(c2ccccc2)c2cc(Cl)ccc21
180,levothyroxine sodium,0,N[C@@H](Cc1cc(I)c(Oc2cc(I)c(O)c(I)c2)c(I)c1)C(=O)[O-].O.[Na+]
181,oxcarbazepine,0,NC(=O)N1c2ccccc2CC(=O)c2ccccc21
182,prednisone,0,C[C@]12C=CC(=O)C=C1CC[C@@H]1[C@@H]2C(=O)C[C@@]2(C)[C@H]1CC[C@]2(O)C(=O)CO
183,metformin hydrochloride,0,CN(C)C(=N)NC(=N)N.Cl
184,levalbuterol hydrochloride,0,CC(C)(C)NC[C@H](O)c1ccc(O)c(CO)c1.Cl
185,trazodone hydrochloride,0,Cl.O=c1n(CCCN2CCN(c3cccc(Cl)c3)CC2)nc2ccccn12
186,fluorouracil,0,O=c1[nH]cc(F)c(=O)[nH]1
187,quetiapine fumarate,0,O=C(O)/C=C/C(=O)O.OCCOCCN1CCN(C2=Nc3ccccc3Sc3ccccc32)CC1.OCCOCCN1CCN(C2=Nc3ccccc3Sc3ccccc32)CC1
188,acyclovir,0,Nc1nc2c(ncn2COCCO)c(=O)[nH]1
189,benzonatate,0,CCCCNc1ccc(C(=O)OCCOCCOCCOCCOCCOCCOCCOCCOCCOC)cc1
190,simvastatin,0,CCC(C)(C)C(=O)O[C@H]1C[C@@H](C)C=C2C=C[C@H](C)[C@H](CC[C@@H]3C[C@@H](O)CC(=O)O3)[C@H]21
191,tramadol hydrochloride,0,COc1cccc(C2(O)CCCCC2CN(C)C)c1.Cl
192,tramadol hcl,0,COc1cccc(C2(O)CCCCC2CN(C)C)c1.Cl
193,bupropion hydrochloride,0,CC(NC(C)(C)C)C(=O)c1cccc(Cl)c1.Cl
194,eszopiclone,0,CN1CCN(C(=O)O[C@H]2c3nccnc3C(=O)N2c2ccc(Cl)cn2)CC1
195,paroxetine,0,Fc1ccc([C@@H]2CCNC[C@H]2COc2ccc3c(c2)OCO3)cc1
196,alendronate sodium,0,NCCCC(O)(P(=O)([O-])O)P(=O)(O)O.[Na+]
197,fluconazole,0,OC(Cn1cncn1)(Cn1cncn1)c1ccc(F)cc1F
198,phenobarbital,0,CCC1(c2ccccc2)C(=O)NC(=O)NC1=O
199,propafenone,0,CCCNCC(O)COc1ccccc1C(=O)CCc1ccccc1
200,fluocinolone acetonide,0,CC1(C)O[C@@H]2C[C@H]3[C@@H]4C[C@H](F)C5=CC(=O)C=C[C@]5(C)[C@@]4(F)[C@@H](O)C[C@]3(C)[C@]2(C(=O)CO)O1
201,cyclobenzaprine hydrochloride,0,CN(C)CCC=C1c2ccccc2C=Cc2ccccc21.Cl
202,oxybutynin chloride,0,CCN(CC)CC#CCOC(=O)C(O)(c1ccccc1)C1CCCCC1.Cl
203,carisoprodol,0,CCCC(C)(COC(N)=O)COC(=O)NC(C)C
204,warfarin sodium,0,CC(=O)CC(c1ccccc1)c1c([O-])c2ccccc2oc1=O.[Na+]
205,calcitriol,0,C=C1/C(=C\C=C2/CCC[C@]3(C)[C@@H]([C@H](C)CCCC(C)(C)O)CC[C@@H]23)C[C@@H](O)C[C@@H]1O
206,hydrochlorothiazide,0,NS(=O)(=O)c1cc2c(cc1Cl)NCNS2(=O)=O
207,montelukast sodium,0,CC(C)(O)c1ccccc1CC[C@@H](SCC1(CC(=O)[O-])CC1)c1cccc(/C=C/c2ccc3ccc(Cl)cc3n2)c1.[Na+]
208,rifampin,0,CO[C@H]1/C=C/O[C@@]2(C)Oc3c(C)c(O)c4c(O)c(c(/C=N/N5CCN(C)CC5)c(O)c4c3C2=O)NC(=O)/C(C)=C\C=C\[C@H](C)[C@H](O)[C@@H](C)[C@@H](O)[C@@H](C)[C@H](OC(C)=O)[C@@H]1C
209,pravastatin sodium,0,CC[C@H](C)C(=O)O[C@H]1C[C@H](O)C=C2C=C[C@H](C)[C@H](CC[C@@H](O)C[C@@H](O)CC(=O)[O-])[C@H]21.[Na+]
210,lovastatin,0,CC[C@H](C)C(=O)O[C@H]1C[C@@H](C)C=C2C=C[C@H](C)[C@H](CC[C@@H]3C[C@@H](O)CC(=O)O3)[C@H]21
211,tiagabine hydrochloride,0,Cc1ccsc1C(=CCCN1CCC[C@@H](C(=O)O)C1)c1sccc1C.Cl
212,clobetasol propionate,0,CCC(=O)O[C@]1(C(=O)CCl)[C@@H](C)C[C@H]2[C@@H]3CCC4=CC(=O)C=C[C@]4(C)[C@@]3(F)[C@@H](O)C[C@@]21C
213,benazepril hydrochloride,0,CCOC(=O)[C@H](CCc1ccccc1)N[C@H]1CCc2ccccc2N(CC(=O)O)C1=O.Cl
214,sumatriptan succinate,0,CNS(=O)(=O)Cc1ccc2[nH]cc(CCN(C)C)c2c1.O=C(O)CCC(=O)O
215,lidocaine hydrochloride,0,CCN(CC)CC(=O)Nc1c(C)cccc1C.Cl.O
216,cefepime hydrochloride,0,CO/N=C(\C(=O)N[C@@H]1C(=O)N2C(C(=O)O)=C(C[N+]3(C)CCCC3)CS[C@H]12)c1csc(N)n1.Cl.O.[Cl-]
217,ketorolac tromethamine,0,NC(CO)(CO)CO.O=C(c1ccccc1)c1ccc2n1CCC2C(=O)O
218,ziprasidone hydrochloride,0,Cl.O.O=C1Cc2cc(CCN3CCN(c4nsc5ccccc45)CC3)c(Cl)cc2N1
219,clindamycin hydrochloride,0,CCC[C@@H]1C[C@@H](C(=O)N[C@@H]([C@H]2O[C@H](SC)[C@H](O)[C@@H](O)[C@H]2O)[C@H](C)Cl)N(C)C1.Cl
220,duloxetine,0,CNCC[C@H](Oc1cccc2ccccc12)c1cccs1
221,levetiracetam,0,CC[C@@H](C(N)=O)N1CCCC1=O
222,sertraline hydrochloride,0,CN[C@H]1CC[C@@H](c2ccc(Cl)c(Cl)c2)c2ccccc21.Cl
223,diclofenac sodium,0,O=C([O-])Cc1ccccc1Nc1c(Cl)cccc1Cl.[Na+]
224,diclofenac sodium- capsaicin,0,O=C([O-])Cc1ccccc1Nc1c(Cl)cccc1Cl.[Na+]
225,diclofenac sodium topical gel- 1%-,0,O=C([O-])Cc1ccccc1Nc1c(Cl)cccc1Cl.[Na+]
226,dexamethasone,0,C[C@@H]1C[C@H]2[C@@H]3CCC4=CC(=O)C=C[C@]4(C)[C@@]3(F)[C@@H](O)C[C@]2(C)[C@@]1(O)C(=O)CO
227,timolol maleate,0,CC(C)(C)NC[C@H](O)COc1nsnc1N1CCOCC1.O=C(O)/C=C\C(=O)O
228,timolol maleate ophthalmic gel forming solution,0,CC(C)(C)NC[C@H](O)COc1nsnc1N1CCOCC1.O=C(O)/C=C\C(=O)O
229,methyl aminolevulinate hydrochloride,0,COC(=O)CCC(=O)CN.Cl
230,methylprednisolone acetate,0,CC(=O)OCC(=O)[C@@]1(O)CC[C@H]2[C@@H]3C[C@H](C)C4=CC(=O)C=C[C@]4(C)[C@H]3[C@@H](O)C[C@@]21C
231,atomoxetine hydrochloride,0,CNCC[C@@H](Oc1ccccc1C)c1ccccc1.Cl
232,diltiazem hydrochloride,0,COc1ccc([C@@H]2Sc3ccccc3N(CCN(C)C)C(=O)[C@@H]2OC(C)=O)cc1.Cl
233,pramipexole dihydrochloride,0,CCCN[C@H]1CCc2nc(N)sc2C1.Cl.Cl.O
234,primaquine phosphate,0,COc1cc(NC(C)CCCN)c2ncccc2c1.O=P(O)(O)O.O=P(O)(O)O
235,chlorthalidone,0,NS(=O)(=O)c1cc(C2(O)NC(=O)c3ccccc32)ccc1Cl
236,norethindrone,0,C#C[C@]1(O)CC[C@H]2[C@@H]3CCC4=CC(=O)CC[C@@H]4[C@H]3CC[C@@]21C
237,ondansetron hydrochloride,0,Cc1nccn1CC1CCc2c(c3ccccc3n2C)C1=O.Cl.O.O
238,zidovudine,0,Cc1cn([C@H]2C[C@H](N=[N+]=[N-])[C@@H](CO)O2)c(=O)[nH]c1=O
239,venlafaxine hydrochloride,0,COc1ccc(C(CN(C)C)C2(O)CCCCC2)cc1.Cl
240,methadone hydrochloride,0,CCC(=O)C(CC(C)N(C)C)(c1ccccc1)c1ccccc1.Cl
241,ezetimibe,0,O=C1[C@H](CC[C@H](O)c2ccc(F)cc2)[C@@H](c2ccc(O)cc2)N1c1ccc(F)cc1
242,lubiprostone,0,CCCCC(F)(F)[C@@]1(O)CC[C@H]2[C@@H](CC(=O)[C@@H]2CCCCCCC(=O)O)O1
243,febuxostat,0,Cc1nc(-c2ccc(OCC(C)C)c(C#N)c2)sc1C(=O)O
244,tacrolimus,0,C=CC[C@@H]1/C=C(\C)C[C@H](C)C[C@H](OC)[C@H]2O[C@@](O)(C(=O)C(=O)N3CCCC[C@H]3C(=O)O[C@H](/C(C)=C/[C@@H]3CC[C@@H](O)[C@H](OC)C3)[C@H](C)[C@@H](O)CC1=O)[C@H](C)C[C@@H]2OC.O
245,midodrine hydrochloride,0,COc1ccc(OC)c(C(O)CNC(=O)CN)c1.Cl
246,midodrine  hydrochloride,0,COc1ccc(OC)c(C(O)CNC(=O)CN)c1.Cl
247,triamcinolone acetonide,0,CC1(C)O[C@@H]2C[C@H]3[C@@H]4CCC5=CC(=O)C=C[C@]5(C)[C@@]4(F)[C@@H](O)C[C@]3(C)[C@]2(C(=O)CO)O1
248,triamcinolone acetonide cream .1%- dimethicone 5% cream,0,CC1(C)O[C@@H]2C[C@H]3[C@@H]4CCC5=CC(=O)C=C[C@]5(C)[C@@]4(F)[C@@H](O)C[C@]3(C)[C@]2(C(=O)CO)O1
249,propranolol hydrochloride,0,CC(C)NCC(O)COc1cccc2ccccc12.Cl
250,nabumetone,0,COc1ccc2cc(CCC(C)=O)ccc2c1
251,clonidine hydrochloride,0,Cl.Clc1cccc(Cl)c1NC1=NCCN1
252,anastrozole,0,CC(C)(C#N)c1cc(Cn2cncn2)cc(C(C)(C)C#N)c1
253,citalopram,0,CN(C)CCCC1(c2ccc(F)cc2)OCc2cc(C#N)ccc21
254,sotalol hydrochloride,0,CC(C)NCC(O)c1ccc(NS(C)(=O)=O)cc1.Cl
255,sotalol hydrochloride tables af,0,CC(C)NCC(O)c1ccc(NS(C)(=O)=O)cc1.Cl
256,nadolol,0,CC(C)(C)NCC(O)COc1cccc2c1CC(O)C(O)C2
257,econazole nitrate,0,Clc1ccc(COC(Cn2ccnc2)c2ccc(Cl)cc2Cl)cc1.O=[N+]([O-])O
258,nicotine,0,CN1CCC[C@H]1c1cccnc1
259,etodolac,0,CCc1cccc2c3c([nH]c12)C(CC)(CC(=O)O)OCC3
260,valproic acid,0,CCCC(CCC)C(=O)O
261,celecoxib,0,Cc1ccc(-c2cc(C(F)(F)F)nn2-c2ccc(S(N)(=O)=O)cc2)cc1
262,chlordiazepoxide,0,CNC1=Nc2ccc(Cl)cc2C(c2ccccc2)=[N+]([O-])C1
263,methimazole,0,Cn1ccnc1S
264,adenosine,0,Nc1ncnc2c1ncn2[C@@H]1O[C@H](CO)[C@@H](O)[C@H]1O
265,topiramate,0,CC1(C)O[C@@H]2[C@@H](CO[C@@]3(COS(N)(=O)=O)OC(C)(C)O[C@@H]23)O1
266,cephalexin,0,CC1=C(C(=O)O)N2C(=O)[C@@H](NC(=O)[C@H](N)c3ccccc3)[C@H]2SC1.O
267,spironolactone,0,CC(=O)S[C@@H]1CC2=CC(=O)CC[C@]2(C)[C@H]2CC[C@@]3(C)[C@@H](CC[C@@]34CCC(=O)O4)[C@H]12
268,diphenoxylate hydrochloride,0,CCOC(=O)C1(c2ccccc2)CCN(CCC(C#N)(c2ccccc2)c2ccccc2)CC1.Cl
269,allopurinol,0,Oc1ncnc2[nH]ncc12
270,tretinoin,0,CC1=C(/C=C/C(C)=C/C=C/C(C)=C/C(=O)O)C(C)(C)CCC1
271,paroxetine hydrochloride,0,Cl.Cl.Fc1ccc([C@@H]2CCNC[C@H]2COc2ccc3c(c2)OCO3)cc1.Fc1ccc([C@@H]2CCNC[C@H]2COc2ccc3c(c2)OCO3)cc1.O
272,memantine hydrochloride,0,CC12CC3CC(C)(C1)CC(N)(C3)C2.Cl
273,promethazine hydrochloride,0,CC(CN1c2ccccc2Sc2ccccc21)N(C)C.Cl
274,ciprofloxacin hydrochloride,0,Cl.O=C(O)c1cn(C2CC2)c2cc(N3CCNCC3)c(F)cc2c1=O
275,risedronate sodium,0,O=P([O-])(O)C(O)(Cc1cccnc1)P(=O)(O)O.[Na+]
276,risedronate sodium hemi-pentahydrate,0,O=P([O-])(O)C(O)(Cc1cccnc1)P(=O)(O)O.[Na+]
277,epinastine hydrochloride,0,Cl.NC1=NCC2c3ccccc3Cc3ccccc3N12
278,indomethacin,0,COc1ccc2c(c1)c(CC(=O)O)c(C)n2C(=O)c1ccc(Cl)cc1
279,loperamide hydrochloride,0,CN(C)C(=O)C(CCN1CCC(O)(c2ccc(Cl)cc2)CC1)(c1ccccc1)c1ccccc1.Cl
280,probenecid,0,CCCN(CCC)S(=O)(=O)c1ccc(C(=O)O)cc1
281,procaine hydrochloride,0,CCN(CC)CCOC(=O)c1ccc(N)cc1.Cl
282,tapentadol hydrochloride,0,CC[C@@H](c1cccc(O)c1)[C@@H](C)CN(C)C.Cl
283,dobutamine hydrochloride,0,CC(CCc1ccc(O)cc1)NCCc1ccc(O)c(O)c1.Cl
284,fosaprepitant,0,C[C@@H](O[C@H]1OCCN(Cc2nn(P(=O)(O)O)c(=O)[nH]2)[C@H]1c1ccc(F)cc1)c1cc(C(F)(F)F)cc(C(F)(F)F)c1
285,hydroxyprogesterone caproate,0,CCCCCC(=O)O[C@]1(C(C)=O)CC[C@H]2[C@@H]3CCC4=CC(=O)CC[C@]4(C)[C@H]3CC[C@@]21C
286,ketoprofen,0,CC(C(=O)O)c1cccc(C(=O)c2ccccc2)c1
287,tamsulosin hydrochloride,0,CCOc1ccccc1OCCN[C@H](C)Cc1ccc(OC)c(S(N)(=O)=O)c1.Cl
288,trimethobenzamide,0,COc1cc(C(=O)NCc2ccc(OCCN(C)C)cc2)cc(OC)c1OC
289,terazosin hydrochloride,0,COc1cc2nc(N3CCN(C(=O)C4CCCO4)CC3)nc(N)c2cc1OC.Cl.O.O
290,omeprazole,0,COc1ccc2[nH]c([S+]([O-])Cc3ncc(C)c(OC)c3C)nc2c1
291,naproxen sodium,0,COc1ccc2cc([C@H](C)C(=O)[O-])ccc2c1.[Na+]
292,nifedipine,0,COC(=O)C1=C(C)NC(C)=C(C(=O)OC)C1c1ccccc1[N+](=O)[O-]
293,guanfacine,0,N=C(N)NC(=O)Cc1c(Cl)cccc1Cl
294,estradiol,0,C[C@]12CC[C@@H]3c4ccc(O)cc4CC[C@H]3[C@@H]1CC[C@@H]2O
295,terbinafine hydrochloride,0,CN(C/C=C/C#CC(C)(C)C)Cc1cccc2ccccc12.Cl
296,ciclopirox olamine,0,Cc1cc(C2CCCCC2)n(O)c(=O)c1.NCCO
297,testosterone cypionate,0,C[C@]12CC[C@H]3[C@@H](CCC4=CC(=O)CC[C@@]43C)[C@@H]1CC[C@@H]2OC(=O)CCC1CCCC1
298,meloxicam,0,Cc1cnc(NC(=O)C2=C(O)c3ccccc3S(=O)(=O)N2C)s1
299,perphenazine,0,OCCN1CCN(CCCN2c3ccccc3Sc3ccc(Cl)cc32)CC1
300,flumazenil,0,CCOC(=O)c1ncn2c1CN(C)C(=O)c1cc(F)ccc1-2
301,perindopril erbumine,0,CC(C)(C)N.CCC[C@H](N[C@@H](C)C(=O)N1[C@H](C(=O)O)C[C@@H]2CCCC[C@@H]21)C(=O)OCC
302,hydroxyzine pamoate,0,O=C(O)c1cc2ccccc2c(Cc2c(O)c(C(=O)O)cc3ccccc23)c1O.OCCOCCN1CCN(C(c2ccccc2)c2ccc(Cl)cc2)CC1
303,temazepam,0,CN1C(=O)C(O)N=C(c2ccccc2)c2cc(Cl)ccc21
304,clopidogrel bisulfate,0,COC(=O)[C@H](c1ccccc1Cl)N1CCc2sccc2C1.O=S(=O)(O)O
305,valacyclovir hydrochloride,0,CC(C)[C@H](N)C(=O)OCCOCn1cnc2c(=O)nc(N)[nH]c21.Cl
306,valacyclovir,0,CC(C)[C@H](N)C(=O)OCCOCn1cnc2c(=O)nc(N)[nH]c21
307,oxiconazole nitrate,0,Clc1ccc(CO/N=C(\Cn2ccnc2)c2ccc(Cl)cc2Cl)c(Cl)c1.O=[N+]([O-])O
308,zonisamide,0,NS(=O)(=O)Cc1noc2ccccc12
309,methocarbamol,0,COc1ccccc1OCC(O)COC(N)=O
310,olanzapine,0,Cc1cc2c(s1)Nc1ccccc1N=C2N1CCN(C)CC1
311,dicloxacillin sodium,0,Cc1onc(-c2c(Cl)cccc2Cl)c1C(=O)N[C@@H]1C(=O)N2[C@@H]1SC(C)(C)[C@@H]2C(=O)[O-].O.[Na+]
312,cycloserine,0,N[C@@H]1CONC1=O
313,rosuvastatin calcium,0,CC(C)c1nc(N(C)S(C)(=O)=O)nc(-c2ccc(F)cc2)c1/C=C/[C@@H](O)C[C@@H](O)CC(=O)[O-].CC(C)c1nc(N(C)S(C)(=O)=O)nc(-c2ccc(F)cc2)c1/C=C/[C@@H](O)C[C@@H](O)CC(=O)[O-].[Ca+2]
314,bromfenac,0,Nc1c(CC(=O)O)cccc1C(=O)c1ccc(Br)cc1
315,citalopram hydrobromide,0,Br.CN(C)CCCC1(c2ccc(F)cc2)OCc2cc(C#N)ccc21
316,amantadine,0,NC12CC3CC(CC(C3)C1)C2
317,mefloquine hydrochloride,0,Cl.OC(c1cc(C(F)(F)F)nc2c(C(F)(F)F)cccc12)C1CCCCN1
318,metoclopramide hydrochloride,0,CCN(CC)CCNC(=O)c1cc(Cl)c(N)cc1OC.Cl.O
319,diflorasone diacetate,0,CC(=O)OCC(=O)[C@@]1(OC(C)=O)[C@@H](C)C[C@H]2[C@@H]3C[C@H](F)C4=CC(=O)C=C[C@]4(C)[C@@]3(F)[C@@H](O)C[C@@]21C
320,sevelamer carbonate,0,C=CCN.ClCC1CO1.O=C(O)O
321,nortriptyline hydrochloride,0,CNCCC=C1c2ccccc2CCc2ccccc21.Cl
322,enalapril maleate,0,CCOC(=O)[C@H](CCc1ccccc1)N[C@@H](C)C(=O)N1CCC[C@H]1C(=O)O.O=C(O)/C=C\C(=O)O
323,trazodone,0,O=c1n(CCCN2CCN(c3cccc(Cl)c3)CC2)nc2ccccn12
324,lorazepam,0,O=C1Nc2ccc(Cl)cc2C(c2ccccc2Cl)=NC1O
325,levocetirizine dihydrochloride,0,Cl.Cl.O=C(O)COCCN1CCN([C@H](c2ccccc2)c2ccc(Cl)cc2)CC1
326,carvedilol phosphate,0,COc1ccccc1OCCNCC(O)COc1cccc2[nH]c3ccccc3c12.O=P(O)(O)O
327,hydrocortisone,0,C[C@]12CCC(=O)C=C1CC[C@@H]1[C@@H]2[C@@H](O)C[C@@]2(C)[C@H]1CC[C@]2(O)C(=O)CO
328,labetalol hydrochloride,0,CC(CCc1ccccc1)NCC(O)c1ccc(O)c(C(N)=O)c1.Cl
329,hydralazine hydrochloride,0,Cl.NNc1nncc2ccccc12
330,bumetanide,0,CCCCNc1cc(C(=O)O)cc(S(N)(=O)=O)c1Oc1ccccc1
331,fludarabine phosphate,0,Nc1nc(F)nc2c1ncn2[C@@H]1O[C@H](COP(=O)(O)O)[C@@H](O)[C@@H]1O
332,eptifibatide,0,N=C(N)NCCCC[C@@H]1NC(=O)CCSSC[C@@H](C(N)=O)NC(=O)[C@@H]2CCCN2C(=O)[C@H](Cc2c[nH]c3ccccc23)NC(=O)[C@H](CC(=O)O)NC(=O)CNC1=O
333,folic acid,0,Nc1nc(=O)c2nc(CNc3ccc(C(=O)N[C@@H](CCC(=O)O)C(=O)O)cc3)cnc2[nH]1
334,flecainide acetate,0,CC(=O)O.O=C(NCC1CCCCN1)c1cc(OCC(F)(F)F)ccc1OCC(F)(F)F
335,flecainide acetate tablet,0,CC(=O)O.O=C(NCC1CCCCN1)c1cc(OCC(F)(F)F)ccc1OCC(F)(F)F
336,colchicine,0,COc1cc2c(c(OC)c1OC)-c1ccc(OC)c(=O)cc1[C@@H](NC(C)=O)CC2
337,ropinirole hydrochloride,0,CCCN(CCC)CCc1cccc2c1CC(=O)N2.Cl
338,clopidogrel,0,COC(=O)[C@H](c1ccccc1Cl)N1CCc2sccc2C1
339,diethylpropion hydrochloride,0,CCN(CC)C(C)C(=O)c1ccccc1.Cl
340,diethylpropion hydrochloride er,0,CCN(CC)C(C)C(=O)c1ccccc1.Cl
341,rifaximin,0,CO[C@H]1/C=C/O[C@@]2(C)Oc3c(C)c(O)c4c(O)c(c5c(nc6cc(C)ccn65)c4c3C2=O)NC(=O)/C(C)=C\C=C\[C@H](C)[C@H](O)[C@@H](C)[C@@H](O)[C@@H](C)[C@H](OC(C)=O)[C@@H]1C
342,amlodipine besylate,0,CCOC(=O)C1=C(COCCN)NC(C)=C(C(=O)OC)C1c1ccccc1Cl.O=S(=O)(O)c1ccccc1
343,fentanyl,0,CCC(=O)N(c1ccccc1)C1CCN(CCc2ccccc2)CC1
344,diclofenac potassium,0,O=C([O-])Cc1ccccc1Nc1c(Cl)cccc1Cl.[K+]
345,sodium phenylbutyrate,0,O=C([O-])CCCc1ccccc1.[Na+]
346,medroxyprogesterone acetate,0,CC(=O)O[C@]1(C(C)=O)CC[C@H]2[C@@H]3C[C@H](C)C4=CC(=O)CC[C@]4(C)[C@H]3CC[C@@]21C
347,tinidazole,0,CCS(=O)(=O)CCn1c([N+](=O)[O-])cnc1C
348,clarithromycin,0,CC[C@H]1OC(=O)[C@H](C)[C@@H](O[C@H]2C[C@@](C)(OC)[C@@H](O)[C@H](C)O2)[C@H](C)[C@@H](O[C@@H]2O[C@H](C)C[C@H](N(C)C)[C@H]2O)[C@](C)(OC)C[C@@H](C)C(=O)[C@H](C)[C@@H](O)[C@]1(C)O
349,carbamazepine,0,NC(=O)N1c2ccccc2C=Cc2ccccc21
350,fluticasone propionate,0,CCC(=O)O[C@]1(C(=O)SCF)[C@H](C)C[C@H]2[C@@H]3C[C@H](F)C4=CC(=O)C=C[C@]4(C)[C@@]3(F)[C@@H](O)C[C@@]21C
351,terconazole,0,CC(C)N1CCN(c2ccc(OCC3COC(Cn4cncn4)(c4ccc(Cl)cc4Cl)O3)cc2)CC1
352,minocycline hydrochloride,0,CN(C)c1ccc(O)c2c1C[C@H]1C[C@H]3[C@H](N(C)C)C(O)=C(C(N)=O)C(=O)[C@@]3(O)C(O)=C1C2=O.Cl
353,piroxicam,0,CN1C(C(=O)Nc2ccccn2)=C(O)c2ccccc2S1(=O)=O
354,cinacalcet hydrochloride,0,C[C@@H](NCCCc1cccc(C(F)(F)F)c1)c1cccc2ccccc12.Cl
355,fluoxetine hydrochloride,0,CNCCC(Oc1ccc(C(F)(F)F)cc1)c1ccccc1.Cl
356,meclizine hydrochloride,0,Cc1cccc(CN2CCN(C(c3ccccc3)c3ccc(Cl)cc3)CC2)c1.Cl.Cl.O
357,mexiletine hydrochloride,0,Cc1cccc(C)c1OCC(C)N.Cl
358,tenofovir disoproxil fumarate,0,CC(C)OC(=O)OCOP(=O)(CO[C@H](C)Cn1cnc2c(N)ncnc21)OCOC(=O)OC(C)C.O=C(O)/C=C/C(=O)O
359,fluorometholone,0,CC(=O)[C@@]1(O)CC[C@H]2[C@@H]3C[C@H](C)C4=CC(=O)C=C[C@]4(C)[C@@]3(F)[C@@H](O)C[C@@]21C
360,trihexyphenidyl hydrochloride,0,Cl.OC(CCN1CCCCC1)(c1ccccc1)C1CCCCC1
361,paricalcitol,0,C[C@H](/C=C/[C@H](C)C(C)(C)O)[C@H]1CC[C@H]2/C(=C/C=C3C[C@@H](O)C[C@H](O)C3)CCC[C@]12C
362,emtricitabine,0,Nc1nc(=O)n([C@@H]2CS[C@H](CO)O2)cc1F
363,molindone hydrochloride,0,CCc1c(C)[nH]c2c1C(=O)C(CN1CCOCC1)CC2.Cl
364,glimepiride,0,CCC1=C(C)CN(C(=O)NCCc2ccc(S(=O)(=O)NC(=O)N[C@H]3CC[C@H](C)CC3)cc2)C1=O
365,levocabastine hydrochloride,0,C[C@@H]1CN([C@H]2CC[C@](C#N)(c3ccc(F)cc3)CC2)CC[C@]1(C(=O)O)c1ccccc1.Cl
366,felbamate,0,NC(=O)OCC(COC(N)=O)c1ccccc1
367,ciclopirox,0,Cc1cc(C2CCCCC2)n(O)c(=O)c1
368,nitroglycerin,0,O=[N+]([O-])OCC(CO[N+](=O)[O-])O[N+](=O)[O-]
369,ropinirole,0,CCCN(CCC)CCc1cccc2c1CC(=O)N2
370,hydromorphone hydrochloride,0,CN1CC[C@]23c4c5ccc(O)c4O[C@H]2C(=O)CC[C@H]3[C@H]1C5.Cl
371,flavoxate hydrochloride,0,Cc1c(-c2ccccc2)oc2c(C(=O)OCCN3CCCCC3)cccc2c1=O.Cl
372,loxapine,0,CN1CCN(C2=Nc3ccccc3Oc3ccc(Cl)cc32)CC1
373,zolmitriptan,0,CN(C)CCc1c[nH]c2ccc(C[C@H]3COC(=O)N3)cc12
374,bromocriptine mesylate,0,CC(C)C[C@H]1C(=O)N2CCC[C@H]2[C@]2(O)O[C@](NC(=O)[C@@H]3C=C4c5cccc6[nH]c(Br)c(c56)C[C@H]4N(C)C3)(C(C)C)C(=O)N12.CS(=O)(=O)O
375,lamotrigine,0,Nc1nnc(-c2cccc(Cl)c2Cl)c(N)n1
376,primidone,0,CCC1(c2ccccc2)C(=O)NCNC1=O
377,buspirone hydrochloride,0,Cl.O=C1CC2(CCCC2)CC(=O)N1CCCCN1CCN(c2ncccn2)CC1
378,desipramine hydrochloride,0,CNCCCN1c2ccccc2CCc2ccccc21.Cl
379,cyproheptadine hydrochloride,0,CN1CCC(=C2c3ccccc3C=Cc3ccccc32)CC1.Cl
380,tolazamide,0,Cc1ccc(S(=O)(=O)NC(=O)NN2CCCCCC2)cc1
381,epirubicin hydrochloride,0,COc1cccc2c1C(=O)c1c(O)c3c(c(O)c1C2=O)C[C@@](O)(C(=O)CO)C[C@@H]3O[C@H]1C[C@H](N)[C@@H](O)[C@H](C)O1.Cl
382,epirubicin hydrochloride ,0,COc1cccc2c1C(=O)c1c(O)c3c(c(O)c1C2=O)C[C@@](O)(C(=O)CO)C[C@@H]3O[C@H]1C[C@H](N)[C@@H](O)[C@H](C)O1.Cl
383,milnacipran hydrochloride,0,CCN(CC)C(=O)C1(c2ccccc2)CC1CN.Cl
384,phenytoin sodium,0,O=C1N=C([O-])NC1(c1ccccc1)c1ccccc1.[Na+]
385,bexarotene,0,C=C(c1ccc(C(=O)O)cc1)c1cc2c(cc1C)C(C)(C)CCC2(C)C
386,testosterone,0,C[C@]12CC[C@H]3[C@@H](CCC4=CC(=O)CC[C@@]43C)[C@@H]1CC[C@@H]2O
387,cyproheptadine,0,CN1CCC(=C2c3ccccc3C=Cc3ccccc32)CC1
388,acetazolamide sodium,0,CC(=O)Nc1nnc(S([NH-])(=O)=O)s1.[Na+]
389,prednisolone,0,C[C@]12C=CC(=O)C=C1CC[C@@H]1[C@@H]2[C@@H](O)C[C@@]2(C)[C@H]1CC[C@]2(O)C(=O)CO
390,betamethasone valerate,0,CCCCC(=O)O[C@]1(C(=O)CO)[C@@H](C)C[C@H]2[C@@H]3CCC4=CC(=O)C=C[C@]4(C)[C@@]3(F)[C@@H](O)C[C@@]21C
391,amiodarone hydrochloride,0,CCCCc1oc2ccccc2c1C(=O)c1cc(I)c(OCCN(CC)CC)c(I)c1.Cl
392,amiodarone hci,0,CCCCc1oc2ccccc2c1C(=O)c1cc(I)c(OCCN(CC)CC)c(I)c1.Cl
393,salsalate,0,O=C(Oc1ccccc1C(=O)O)c1ccccc1O
394,prasugrel,0,CC(=O)Oc1cc2c(s1)CCN(C(C(=O)C1CC1)c1ccccc1F)C2
395,oxaprozin,0,O=C(O)CCc1nc(-c2ccccc2)c(-c2ccccc2)o1
396,mometasone furoate,0,C[C@@H]1C[C@H]2[C@@H]3CCC4=CC(=O)C=C[C@]4(C)[C@@]3(Cl)[C@@H](O)C[C@]2(C)[C@@]1(OC(=O)c1ccco1)C(=O)CCl
397,flucytosine,0,Nc1nc(=O)[nH]cc1F
398,ammonium lactate,0,CC(O)C(=O)O.N
399,lithium carbonate,0,O=C([O-])[O-].[Li+].[Li+]
400,omega-3-acid ethyl esters,0,CC/C=C\C/C=C\C/C=C\C/C=C\C/C=C\C/C=C\CCC(=O)OCC.CC/C=C\C/C=C\C/C=C\C/C=C\C/C=C\CCCC(=O)OCC
401,orphenadrine citrate,0,Cc1ccccc1C(OCCN(C)C)c1ccccc1.O=C(O)CC(O)(CC(=O)O)C(=O)O
402,orphenadrine citrate- aspirin- caffeine,0,Cc1ccccc1C(OCCN(C)C)c1ccccc1.O=C(O)CC(O)(CC(=O)O)C(=O)O
403,misoprostol,0,CCCCC(C)(O)C/C=C/[C@H]1[C@H](O)CC(=O)[C@@H]1CCCCCCC(=O)OC
404,erythromycin ethylsuccinate,0,CCOC(=O)CCC(=O)O[C@H]1[C@H](O[C@@H]2[C@@H](C)[C@H](O[C@H]3C[C@@](C)(OC)[C@@H](O)[C@H](C)O3)[C@@H](C)C(=O)O[C@H](CC)[C@@](C)(O)[C@H](O)[C@@H](C)C(=O)[C@H](C)C[C@@]2(C)O)O[C@H](C)C[C@@H]1N(C)C
405,methylphenidate hydrochloride,0,COC(=O)C(c1ccccc1)C1CCCCN1.Cl
406,clotrimazole,0,Clc1ccccc1C(c1ccccc1)(c1ccccc1)n1ccnc1
407,succinylcholine chloride,0,C[N+](C)(C)CCOC(=O)CCC(=O)OCC[N+](C)(C)C.[Cl-].[Cl-]
408,rivastigmine tartrate,0,CCN(C)C(=O)Oc1cccc([C@H](C)N(C)C)c1.O=C(O)[C@H](O)[C@@H](O)C(=O)O
409,sumatriptan,0,CNS(=O)(=O)Cc1ccc2[nH]cc(CCN(C)C)c2c1
410,prazosin hydrochloride,0,COc1cc2nc(N3CCN(C(=O)c4ccco4)CC3)nc(N)c2cc1OC.Cl
411,memantine,0,CC12CC3CC(C)(C1)CC(N)(C3)C2
412,diclofenac epolamine,0,O=C(O)Cc1ccccc1Nc1c(Cl)cccc1Cl.OCCN1CCCC1
413,chlordiazepoxide hydrochloride,0,CNC1=Nc2ccc(Cl)cc2C(c2ccccc2)=[N+]([O-])C1.Cl
414,metolazone,0,Cc1ccccc1N1C(=O)c2cc(S(N)(=O)=O)c(Cl)cc2NC1C
415,hydroxychloroquine sulfate,0,CCN(CCO)CCCC(C)Nc1ccnc2cc(Cl)ccc12.O=S(=O)(O)O
416,doxazosin,0,COc1cc2nc(N3CCN(C(=O)C4COc5ccccc5O4)CC3)nc(N)c2cc1OC
417,midazolam hydrochloride,0,Cc1ncc2n1-c1ccc(Cl)cc1C(c1ccccc1F)=NC2.Cl
418,vancomycin hydrochloride,0,CN[C@H](CC(C)C)C(=O)N[C@H]1C(=O)N[C@@H](CC(N)=O)C(=O)N[C@H]2C(=O)N[C@H]3C(=O)N[C@H](C(=O)N[C@H](C(=O)O)c4cc(O)cc(O)c4-c4cc3ccc4O)[C@H](O)c3ccc(c(Cl)c3)Oc3cc2cc(c3O[C@@H]2O[C@H](CO)[C@@H](O)[C@H](O)[C@H]2O[C@H]2C[C@](C)(N)[C@H](O)[C@H](C)O2)Oc2ccc(cc2Cl)[C@H]1O.Cl
422,methylprednisolone sodium succinate,0,C[C@H]1C[C@@H]2[C@H]([C@@H](O)C[C@@]3(C)[C@H]2CC[C@]3(O)C(=O)COC(=O)CCC(=O)[O-])[C@@]2(C)C=CC(=O)C=C12.[Na+]
423,nimodipine,0,COCCOC(=O)C1=C(C)NC(C)=C(C(=O)OC(C)C)C1c1cccc([N+](=O)[O-])c1
424,rizatriptan benzoate,0,CN(C)CCc1c[nH]c2ccc(Cn3cncn3)cc12.O=C(O)c1ccccc1
425,cefuroxime axetil,0,CO/N=C(\C(=O)N[C@@H]1C(=O)N2C(C(=O)OC(C)OC(C)=O)=C(COC(N)=O)CS[C@H]12)c1ccco1
426,dronabinol,0,CCCCCc1cc(O)c2c(c1)OC(C)(C)[C@@H]1CCC(C)=C[C@@H]21
427,buprenorphine,0,CO[C@@]12CC[C@@]3(C[C@@H]1[C@](C)(O)C(C)(C)C)[C@H]1Cc4ccc(O)c5c4[C@@]3(CCN1CC1CC1)[C@H]2O5
428,alfuzosin hydrochloride,0,COc1cc2nc(N(C)CCCNC(=O)C3CCCO3)nc(N)c2cc1OC.Cl
429,alfuzosin hydrochloride ,0,COc1cc2nc(N(C)CCCNC(=O)C3CCCO3)nc(N)c2cc1OC.Cl
430,desoximetasone,0,C[C@@H]1C[C@H]2[C@@H]3CCC4=CC(=O)C=C[C@]4(C)[C@@]3(F)[C@@H](O)C[C@]2(C)[C@H]1C(=O)CO
431,megestrol acetate,0,CC(=O)O[C@]1(C(C)=O)CC[C@H]2[C@@H]3C=C(C)C4=CC(=O)CC[C@]4(C)[C@H]3CC[C@@]21C
432,paclitaxel,0,CC(=O)O[C@H]1C(=O)[C@@]2(C)[C@H]([C@H](OC(=O)c3ccccc3)[C@]3(O)C[C@H](OC(=O)[C@H](O)[C@@H](NC(=O)c4ccccc4)c4ccccc4)C(C)=C1C3(C)C)[C@]1(OC(C)=O)CO[C@@H]1C[C@@H]2O
433,nicardipine hydrochloride,0,COC(=O)C1=C(C)NC(C)=C(C(=O)OCCN(C)Cc2ccccc2)C1c1cccc([N+](=O)[O-])c1.Cl
434,oxytetracycline hydrochloride,0,CN(C)[C@@H]1C(O)=C(C(N)=O)C(=O)[C@@]2(O)C(O)=C3C(=O)c4c(O)cccc4[C@@](C)(O)[C@H]3[C@H](O)[C@@H]12.Cl
435,cilostazol,0,O=C1CCc2cc(OCCCCc3nnnn3C3CCCCC3)ccc2N1
436,dapsone,0,Nc1ccc(S(=O)(=O)c2ccc(N)cc2)cc1
437,ramipril,0,CCOC(=O)[C@H](CCc1ccccc1)N[C@@H](C)C(=O)N1[C@H](C(=O)O)C[C@@H]2CCC[C@@H]21
438,digoxin,0,C[C@H]1O[C@@H](O[C@H]2[C@@H](O)C[C@H](O[C@H]3[C@@H](O)C[C@H](O[C@H]4CC[C@@]5(C)[C@H](CC[C@@H]6[C@@H]5C[C@@H](O)[C@]5(C)[C@@H](C7=CC(=O)OC7)CC[C@]65O)C4)O[C@@H]3C)O[C@@H]2C)C[C@H](O)[C@@H]1O
439,lurasidone hydrochloride,0,Cl.O=C1[C@@H]2[C@H]3CC[C@H](C3)[C@@H]2C(=O)N1C[C@@H]1CCCC[C@H]1CN1CCN(c2nsc3ccccc23)CC1
440,mecamylamine hydrochloride,0,CNC1(C)C2CCC(C2)C1(C)C.Cl
441,trimethobenzamide hydrochloride,0,COc1cc(C(=O)NCc2ccc(OCCN(C)C)cc2)cc(OC)c1OC.Cl
442,betamethasone dipropionate,0,CCC(=O)OCC(=O)[C@@]1(OC(=O)CC)[C@@H](C)C[C@H]2[C@@H]3CCC4=CC(=O)C=C[C@]4(C)[C@@]3(F)[C@@H](O)C[C@@]21C
443,erythromycin,0,CC[C@H]1OC(=O)[C@H](C)[C@@H](O[C@H]2C[C@@](C)(OC)[C@@H](O)[C@H](C)O2)[C@H](C)[C@@H](O[C@@H]2O[C@H](C)C[C@H](N(C)C)[C@H]2O)[C@](C)(O)C[C@@H](C)C(=O)[C@H](C)[C@@H](O)[C@]1(C)O
444,phentermine resin,0,CC(C)(N)Cc1ccccc1
445,pilocarpine hydrochloride,0,CC[C@@H]1C(=O)OC[C@@H]1Cc1cncn1C.Cl
446,pilocarpine hydrchloride,0,CC[C@@H]1C(=O)OC[C@@H]1Cc1cncn1C.Cl
447,ampicillin,0,CC1(C)S[C@@H]2[C@H](NC(=O)[C@H](N)c3ccccc3)C(=O)N2[C@H]1C(=O)O
448,deferoxamine mesylate,0,CC(=O)N(O)CCCCCNC(=O)CCC(=O)N(O)CCCCCNC(=O)CCC(=O)N(O)CCCCCN.CS(=O)(=O)O
449,imatinib mesylate,0,CS(=O)(=O)O.Cc1ccc(NC(=O)c2ccc(CN3CCN(C)CC3)cc2)cc1Nc1nccc(-c2cccnc2)n1
450,prochlorperazine maleate,0,CN1CCN(CCCN2c3ccccc3Sc3ccc(Cl)cc32)CC1.O=C(O)/C=C\C(=O)O.O=C(O)/C=C\C(=O)O
451,terbutaline sulfate,0,CC(C)(C)NCC(O)c1cc(O)cc(O)c1.CC(C)(C)NCC(O)c1cc(O)cc(O)c1.O=S(=O)(O)O
452,cefaclor,0,N[C@@H](C(=O)N[C@@H]1C(=O)N2C(C(=O)O)=C(Cl)CS[C@H]12)c1ccccc1.O
453,prednisolone acetate,0,CC(=O)OCC(=O)[C@@]1(O)CC[C@H]2[C@@H]3CCC4=CC(=O)C=C[C@]4(C)[C@H]3[C@@H](O)C[C@@]21C
454,mafenide acetate,0,CC(=O)O.NCc1ccc(S(N)(=O)=O)cc1
455,estradiol cypionate,0,C[C@]12CC[C@@H]3c4ccc(O)cc4CC[C@H]3[C@@H]1CC[C@@H]2OC(=O)CCC1CCCC1
456,dexmethylphenidate hydrochloride,0,COC(=O)[C@H](c1ccccc1)[C@H]1CCCCN1.Cl
457,escitalopram,0,CN(C)CCC[C@@]1(c2ccc(F)cc2)OCc2cc(C#N)ccc21
458,desvenlafaxine,0,CN(C)CC(c1ccc(O)cc1)C1(O)CCCCC1
459,pentamidine isethionate,0,N=C(N)c1ccc(OCCCCCOc2ccc(C(=N)N)cc2)cc1.O=S(=O)(O)CCO.O=S(=O)(O)CCO
460,loteprednol etabonate,0,CCOC(=O)O[C@]1(C(=O)OCCl)CC[C@H]2[C@@H]3CCC4=CC(=O)C=C[C@]4(C)[C@H]3[C@@H](O)C[C@@]21C
461,solifenacin succinate,0,O=C(O)CCC(=O)O.O=C(O[C@H]1CN2CCC1CC2)N1CCc2ccccc2[C@@H]1c1ccccc1
462,solifenacin succiate,0,O=C(O)CCC(=O)O.O=C(O[C@H]1CN2CCC1CC2)N1CCc2ccccc2[C@@H]1c1ccccc1
463,lactulose,0,OC[C@H]1O[C@@H](O[C@@H]2[C@@H](CO)O[C@](O)(CO)[C@H]2O)[C@H](O)[C@@H](O)[C@H]1O
464,moxifloxacin hydrochloride,0,COc1c(N2C[C@@H]3CCCN[C@@H]3C2)c(F)cc2c(=O)c(C(=O)O)cn(C3CC3)c12.Cl
465,isoniazid,0,NNC(=O)c1ccncc1
466,tamoxifen citrate,0,CC/C(=C(\c1ccccc1)c1ccc(OCCN(C)C)cc1)c1ccccc1.O=C(O)CC(O)(CC(=O)O)C(=O)O
467,dofetilide,0,CN(CCOc1ccc(NS(C)(=O)=O)cc1)CCc1ccc(NS(C)(=O)=O)cc1
468,rabeprazole,0,COCCCOc1ccnc(C[S+]([O-])c2nc3ccccc3[nH]2)c1C
469,verapamil hydrochloride,0,COc1ccc(CCN(C)CCCC(C#N)(c2ccc(OC)c(OC)c2)C(C)C)cc1OC.Cl
470,aliskiren hemifumarate,0,COCCCOc1cc(C[C@@H](C[C@H](N)[C@@H](O)C[C@H](C(=O)NCC(C)(C)C(N)=O)C(C)C)C(C)C)ccc1OC.COCCCOc1cc(C[C@@H](C[C@H](N)[C@@H](O)C[C@H](C(=O)NCC(C)(C)C(N)=O)C(C)C)C(C)C)ccc1OC.O=C(O)/C=C/C(=O)O
471,toremifene citrate,0,CN(C)CCOc1ccc(/C(=C(/CCCl)c2ccccc2)c2ccccc2)cc1.O=C(O)CC(O)(CC(=O)O)C(=O)O
472,trientine hydrochloride,0,Cl.Cl.NCCNCCNCCN
473,bacitracin,0,CC[C@H](C)[C@H](N)C1=N[C@H](C(=O)N[C@@H](CC(C)C)C(=O)N[C@H](CCC(=O)O)C(=O)N[C@H](C(=O)N[C@H]2CCCCNC(=O)[C@H](CC(N)=O)NC(=O)[C@@H](CC(=O)O)NC(=O)[C@H](Cc3cnc[nH]3)NC(=O)[C@@H](Cc3ccccc3)NC(=O)[C@H]([C@@H](C)CC)NC(=O)[C@@H](CCCN)NC2=O)[C@@H](C)CC)CS1
474,fenoprofen calcium,0,CC(C(=O)[O-])c1cccc(Oc2ccccc2)c1.CC(C(=O)[O-])c1cccc(Oc2ccccc2)c1.O.O.[Ca+2]
475,nandrolone decanoate,0,CCCCCCCCCC(=O)O[C@H]1CC[C@H]2[C@@H]3CCC4=CC(=O)CC[C@@H]4[C@H]3CC[C@]12C
476,methoxsalen,0,COc1c2occc2cc2ccc(=O)oc12
477,indinavir sulfate,0,CC(C)(C)NC(=O)[C@@H]1CN(Cc2cccnc2)CCN1C[C@@H](O)C[C@@H](Cc1ccccc1)C(=O)N[C@H]1c2ccccc2C[C@H]1O.O=S(=O)(O)O
478,raloxifene hydrochloride,0,Cl.O=C(c1ccc(OCCN2CCCCC2)cc1)c1c(-c2ccc(O)cc2)sc2cc(O)ccc12
479,cefotetan disodium,0,CO[C@@]1(NC(=O)C2SC(=C(C(N)=O)C(=O)[O-])S2)C(=O)N2C(C(=O)[O-])=C(CSc3nnnn3C)CS[C@@H]21.[Na+].[Na+]
480,nafcillin,0,CCOc1ccc2ccccc2c1C(=O)N[C@@H]1C(=O)N2[C@@H]1SC(C)(C)[C@@H]2C(=O)O
481,pimecrolimus,0,CC[C@@H]1/C=C(\C)C[C@H](C)C[C@H](OC)[C@H]2O[C@@](O)(C(=O)C(=O)N3CCCC[C@H]3C(=O)O[C@H](/C(C)=C/[C@@H]3CC[C@H](Cl)[C@H](OC)C3)[C@H](C)[C@@H](O)CC1=O)[C@H](C)C[C@@H]2OC
482,silodosin,0,C[C@H](Cc1cc2c(c(C(N)=O)c1)N(CCCO)CC2)NCCOc1ccccc1OCC(F)(F)F
483,tadalafil,0,CN1CC(=O)N2[C@H](c3ccc4c(c3)OCO4)c3[nH]c4ccccc4c3C[C@@H]2C1=O
484,betaxolol,0,CC(C)NCC(O)COc1ccc(CCOCC2CC2)cc1
485,hydrocodone bitartrate,0,COc1ccc2c3c1O[C@H]1C(=O)CC[C@H]4[C@@H](C2)N(C)CC[C@]314.O.O.O=C(O)C(O)C(O)C(=O)O
486,floxuridine,0,O=c1[nH]c(=O)n([C@H]2C[C@H](O)[C@@H](CO)O2)cc1F
487,amantadine hydrochloride,0,Cl.NC12CC3CC(CC(C3)C1)C2
488,azathioprine sodium,0,Cn1cnc([N+](=O)[O-])c1Sc1ncnc2nc[n-]c12.[Na+]
489,bicalutamide,0,CC(O)(CS(=O)(=O)c1ccc(F)cc1)C(=O)Nc1ccc(C#N)c(C(F)(F)F)c1
490,cresol,0,Cc1ccc(O)cc1.Cc1cccc(O)c1.Cc1ccccc1O
491,benztropine mesylate,0,CN1[C@@H]2CC[C@H]1C[C@@H](OC(c1ccccc1)c1ccccc1)C2.CS(=O)(=O)O
492,cefdinir,0,C=CC1=C(C(=O)O)N2C(=O)[C@@H](NC(=O)/C(=N\O)c3csc(N)n3)[C@H]2SC1
493,phenelzine sulfate,0,NNCCc1ccccc1.O=S(=O)(O)O
494,duloxetine hydrochloride,0,CNCC[C@H](Oc1cccc2ccccc12)c1cccs1.Cl
495,butenafine hydrochloride,0,CN(Cc1ccc(C(C)(C)C)cc1)Cc1cccc2ccccc12.Cl
496,etoposide,0,COc1cc([C@@H]2c3cc4c(cc3[C@@H](O[C@@H]3O[C@@H]5CO[C@@H](C)O[C@H]5[C@H](O)[C@H]3O)[C@H]3COC(=O)[C@H]23)OCO4)cc(OC)c1O
497,imipramine hydrochloride,0,CN(C)CCCN1c2ccccc2CCc2ccccc21.Cl
498,fesoterodine fumarate,0,CC(C)C(=O)Oc1ccc(CO)cc1[C@H](CCN(C(C)C)C(C)C)c1ccccc1.O=C(O)/C=C/C(=O)O
499,nateglinide,0,CC(C)[C@H]1CC[C@H](C(=O)N[C@H](Cc2ccccc2)C(=O)O)CC1
500,fosamprenavir calcium,0,CC(C)CN(C[C@@H](OP(=O)([O-])[O-])[C@H](Cc1ccccc1)NC(=O)O[C@H]1CCOC1)S(=O)(=O)c1ccc(N)cc1.[Ca+2]
501,cefoxitin sodium,0,CO[C@@]1(NC(=O)Cc2cccs2)C(=O)N2C(C(=O)[O-])=C(COC(N)=O)CS[C@@H]21.[Na+]
502,gemcitabine,0,Nc1ccn([C@@H]2O[C@H](CO)[C@@H](O)C2(F)F)c(=O)n1
503,oxymorphone hydrochloride,0,CN1CC[C@]23c4c5ccc(O)c4O[C@H]2C(=O)CC[C@@]3(O)[C@H]1C5.Cl
504,mycophenolate mofetil,0,COc1c(C)c2c(c(O)c1C/C=C(\C)CCC(=O)OCCN1CCOCC1)C(=O)OC2
505,irbesartan,0,CCCCC1=NC2(CCCC2)C(=O)N1Cc1ccc(-c2ccccc2-c2nnn[nH]2)cc1
506,meprobamate,0,CCCC(C)(COC(N)=O)COC(N)=O
507,candesartan cilexetil,0,CCOc1nc2cccc(C(=O)OC(C)OC(=O)OC3CCCCC3)c2n1Cc1ccc(-c2ccccc2-c2nn[nH]n2)cc1
508,telmisartan,0,CCCc1nc2c(C)cc(-c3nc4ccccc4n3C)cc2n1Cc1ccc(-c2ccccc2C(=O)O)cc1
509,aminolevulinic acid hydrochloride,0,Cl.NCC(=O)CCC(=O)O
510,penciclovir,0,Nc1nc(O)c2ncn(CCC(CO)CO)c2n1
511,pantoprazole,0,COc1ccnc(C[S+]([O-])c2nc3cc(OC(F)F)ccc3[nH]2)c1OC
512,temozolomide,0,Cn1nnc2c(C(N)=O)ncn2c1=O
513,ethacrynic acid,0,C=C(CC)C(=O)c1ccc(OCC(=O)O)c(Cl)c1Cl
514,naltrexone hydrochloride,0,Cl.O=C1CC[C@@]2(O)[C@H]3Cc4ccc(O)c5c4[C@@]2(CCN3CC2CC2)[C@H]1O5
515,milrinone lactate,0,CC(O)C(=O)O.Cc1[nH]c(=O)c(C#N)cc1-c1ccncc1
516,protriptyline hydrochloride,0,CNCCCC1c2ccccc2C=Cc2ccccc21.Cl
517,sulfasalazine,0,O=C(O)c1cc(/N=N/c2ccc(S(=O)(=O)Nc3ccccn3)cc2)ccc1O
518,cevimeline hydrochloride,0,CC1OC2(CS1)CN1CCC2CC1.Cl.O
519,propranolol,0,CC(C)NCC(O)COc1cccc2ccccc12
520,caffeine citrate,0,Cn1c(=O)c2c(ncn2C)n(C)c1=O.O=C(O)CC(O)(CC(=O)O)C(=O)O
521,nelfinavir mesylate,0,CS(=O)(=O)O.Cc1c(O)cccc1C(=O)N[C@@H](CSc1ccccc1)[C@H](O)CN1C[C@H]2CCCC[C@H]2C[C@H]1C(=O)NC(C)(C)C
522,alitretinoin,0,CC1=C(/C=C/C(C)=C\C=C\C(C)=C\C(=O)O)C(C)(C)CCC1
523,acetylsalicylic acid,0,CC(=O)Oc1ccccc1C(=O)O
524,ranolazine,0,COc1ccccc1OCC(O)CN1CCN(CC(=O)Nc2c(C)cccc2C)CC1
525,pioglitazone,0,CCc1ccc(CCOc2ccc(CC3SC(=O)NC3=O)cc2)nc1
526,olmesartan medoxomil,0,CCCc1nc(C(C)(C)O)c(C(=O)OCc2oc(=O)oc2C)n1Cc1ccc(-c2ccccc2-c2nnn[nH]2)cc1
527,fosaprepitant dimeglumine,0,CNC[C@H](O)[C@@H](O)[C@H](O)[C@H](O)CO.CNC[C@H](O)[C@@H](O)[C@H](O)[C@H](O)CO.C[C@@H](O[C@H]1OCCN(Cc2nn(P(=O)(O)O)c(=O)[nH]2)[C@H]1c1ccc(F)cc1)c1cc(C(F)(F)F)cc(C(F)(F)F)c1
528,stavudine,0,Cc1cn([C@H]2C=C[C@@H](CO)O2)c(=O)[nH]c1=O
529,rabeprazole sodium,0,COCCCOc1ccnc(C[S+]([O-])c2nc3ccccc3[n-]2)c1C.[Na+]
530,esmolol hydrochloride,0,COC(=O)CCc1ccc(OCC(O)CNC(C)C)cc1.Cl
531,esmolol hydrochloride in sodium chloride,0,COC(=O)CCc1ccc(OCC(O)CNC(C)C)cc1.Cl
532,phenylephrine hydrochloride,0,CNC[C@H](O)c1cccc(O)c1.Cl
533,phenylephrine hci,0,CNC[C@H](O)c1cccc(O)c1.Cl
534,sulfacetamide sodium- sulfur,0,CC(=O)[N-]S(=O)(=O)c1ccc(N)cc1.O.[Na+]
535,desmopressin acetate,0,CC(=O)O.N=C(N)NCCC[C@@H](NC(=O)[C@@H]1CCCN1C(=O)[C@@H]1CSSCCC(=O)N[C@@H](Cc2ccc(O)cc2)C(=O)N[C@@H](Cc2ccccc2)C(=O)N[C@@H](CCC(N)=O)C(=O)N[C@@H](CC(N)=O)C(=O)N1)C(=O)NCC(N)=O
536,desmopressin acetate ,0,CC(=O)O.N=C(N)NCCC[C@@H](NC(=O)[C@@H]1CCCN1C(=O)[C@@H]1CSSCCC(=O)N[C@@H](Cc2ccc(O)cc2)C(=O)N[C@@H](Cc2ccccc2)C(=O)N[C@@H](CCC(N)=O)C(=O)N[C@@H](CC(N)=O)C(=O)N1)C(=O)NCC(N)=O
537,vasopressin,0,N=C(N)NCCC[C@H](NC(=O)[C@@H]1CCCN1C(=O)[C@@H]1CSSC[C@H](N)C(=O)N[C@@H](Cc2ccc(O)cc2)C(=O)N[C@@H](Cc2ccccc2)C(=O)N[C@@H](CCC(N)=O)C(=O)N[C@@H](CC(N)=O)C(=O)N1)C(=O)NCC(N)=O
538,dutasteride,0,C[C@]12C=CC(=O)N[C@@H]1CC[C@@H]1[C@@H]2CC[C@]2(C)[C@@H](C(=O)Nc3cc(C(F)(F)F)ccc3C(F)(F)F)CC[C@@H]12
539,doxazosin mesylate,0,COc1cc2nc(N3CCN(C(=O)C4COc5ccccc5O4)CC3)nc(N)c2cc1OC.CS(=O)(=O)O
540,cefazolin,0,Cc1nnc(SCC2=C(C(=O)O)N3C(=O)[C@@H](NC(=O)Cn4cnnn4)[C@H]3SC2)s1
541,prilocaine hydrochloride,0,CCCNC(C)C(=O)Nc1ccccc1C.Cl
542,silver nitrate,0,O=[N+]([O-])[O-].[Ag+]
543,chloroprocaine hydrochloride,0,CCN(CC)CCOC(=O)c1ccc(N)cc1Cl.Cl
544,chloroprocaine hci,0,CCN(CC)CCOC(=O)c1ccc(N)cc1Cl.Cl
545,latanoprost,0,CC(C)OC(=O)CCC/C=C\C[C@@H]1[C@@H](CC[C@@H](O)CCc2ccccc2)[C@H](O)C[C@@H]1O
546,adefovir dipivoxil,0,CC(C)(C)C(=O)OCOP(=O)(COCCn1cnc2c(N)ncnc21)OCOC(=O)C(C)(C)C
547,moexipril hydrochloride,0,CCOC(=O)[C@H](CCc1ccccc1)N[C@@H](C)C(=O)N1Cc2cc(OC)c(OC)cc2C[C@H]1C(=O)O.Cl
548,clomipramine hydrochloride,0,CN(C)CCCN1c2ccccc2CCc2ccc(Cl)cc21.Cl
549,clomipramine hydrochloride capsules,0,CN(C)CCCN1c2ccccc2CCc2ccc(Cl)cc21.Cl
550,clorazepate dipotassium,0,O=C([O-])C1N=C(c2ccccc2)c2cc(Cl)ccc2NC1=O.[K+].[K+].[OH-]
551,daptomycin,0,CCCCCCCCCC(=O)N[C@@H](Cc1c[nH]c2ccccc12)C(=O)N[C@@H](CC(N)=O)C(=O)N[C@@H](CC(=O)O)C(=O)N[C@@H]1C(=O)NCC(=O)N[C@@H](CCCN)C(=O)N[C@@H](CC(=O)O)C(=O)N[C@H](C)C(=O)N[C@@H](CC(=O)O)C(=O)NCC(=O)N[C@H](CO)C(=O)N[C@@H]([C@H](C)CC(=O)O)C(=O)N[C@@H](CC(=O)c2ccccc2N)C(=O)O[C@@H]1C
552,azelaic acid,0,O=C(O)CCCCCCCC(=O)O
553,lisdexamfetamine dimesylate,0,CS(=O)(=O)O.CS(=O)(=O)O.C[C@@H](Cc1ccccc1)NC(=O)[C@@H](N)CCCCN
554,dicyclomine,0,CCN(CC)CCOC(=O)C1(C2CCCCC2)CCCCC1
555,rivaroxaban,0,O=C(NC[C@H]1CN(c2ccc(N3CCOCC3=O)cc2)C(=O)O1)c1ccc(Cl)s1
556,azelastine hydrochloride,0,CN1CCCC(n2nc(Cc3ccc(Cl)cc3)c3ccccc3c2=O)CC1.Cl
557,azelastine hydrochloride- fluticasone propionate,0,CN1CCCC(n2nc(Cc3ccc(Cl)cc3)c3ccccc3c2=O)CC1.Cl
558,tranexamic acid,0,NC[C@H]1CC[C@H](C(=O)O)CC1
559,warfarin,0,CC(=O)CC(c1ccccc1)c1c(O)c2ccccc2oc1=O
560,quinapril hydrochloride,0,CCOC(=O)[C@H](CCc1ccccc1)N[C@@H](C)C(=O)N1Cc2ccccc2C[C@H]1C(=O)O.Cl
561,quinapril hydrochloride/hydrochlorothiazide,0,CCOC(=O)[C@H](CCc1ccccc1)N[C@@H](C)C(=O)N1Cc2ccccc2C[C@H]1C(=O)O.Cl
562,prochlorperazine edisylate,0,CN1CCN(CCCN2c3ccccc3Sc3ccc(Cl)cc32)CC1.O=S(=O)(O)CCS(=O)(=O)O
563,leuprolide acetate,0,CC(=O)O.CCNC(=O)[C@@H]1CCCN1C(=O)[C@H](CCCNC(=N)N)NC(=O)[C@H](CC(C)C)NC(=O)[C@@H](CC(C)C)NC(=O)[C@H](Cc1ccc(O)cc1)NC(=O)[C@H](CO)NC(=O)[C@H](Cc1c[nH]c2ccccc12)NC(=O)[C@H](Cc1c[nH]cn1)NC(=O)[C@@H]1CCC(=O)N1
564,cyclopentolate hydrochloride,0,CN(C)CCOC(=O)C(c1ccccc1)C1(O)CCCC1.Cl
565,tolterodine tartrate,0,Cc1ccc(O)c([C@H](CCN(C(C)C)C(C)C)c2ccccc2)c1.O=C(O)C(O)C(O)C(=O)O
566,dasatinib,0,Cc1nc(Nc2ncc(C(=O)Nc3c(C)cccc3Cl)s2)cc(N2CCN(CCO)CC2)n1.O
567,nisoldipine,0,COC(=O)C1=C(C)NC(C)=C(C(=O)OCC(C)C)C1c1ccccc1[N+](=O)[O-]
568,ketamine hydrochloride,0,CNC1(c2ccccc2Cl)CCCCC1=O.Cl
569,droperidol,0,O=C(CCCN1CC=C(n2c(=O)[nH]c3ccccc32)CC1)c1ccc(F)cc1
570,flunisolide,0,CC1(C)O[C@@H]2C[C@H]3[C@@H]4C[C@H](F)C5=CC(=O)C=C[C@]5(C)[C@H]4[C@@H](O)C[C@]3(C)[C@]2(C(=O)CO)O1
571,nitisinone,0,O=C1CCCC(=O)C1C(=O)c1ccc(C(F)(F)F)cc1[N+](=O)[O-]
572,busulfan,0,CS(=O)(=O)OCCCCOS(C)(=O)=O
573,pamidronate disodium,0,NCCC(O)(P(=O)([O-])O)P(=O)([O-])O.O.O.O.O.O.[Na+].[Na+]
574,methazolamide,0,CC(=O)/N=c1/sc(S(N)(=O)=O)nn1C
575,carbinoxamine maleate,0,CN(C)CCOC(c1ccc(Cl)cc1)c1ccccn1.O=C(O)/C=C\C(=O)O
576,cefpodoxime proxetil,0,COCC1=C(C(=O)OC(C)OC(=O)OC(C)C)N2C(=O)[C@@H](NC(=O)/C(=N\OC)c3csc(N)n3)[C@H]2SC1
577,estropipate,0,C1CNCCN1.C[C@]12CC[C@@H]3c4ccc(OS(=O)(=O)O)cc4CC[C@H]3[C@@H]1CCC2=O
578,deferasirox,0,O=C(O)c1ccc(-n2nc(-c3ccccc3O)nc2-c2ccccc2O)cc1
579,abiraterone acetate,0,CC(=O)O[C@H]1CC[C@@]2(C)C(=CC[C@@H]3[C@@H]2CC[C@]2(C)C(c4cccnc4)=CC[C@@H]32)C1
580,succimer,0,O=C(O)[C@@H](S)[C@@H](S)C(=O)O
581,entacapone,0,CCN(CC)C(=O)/C(C#N)=C/c1cc(O)c(O)c([N+](=O)[O-])c1
582,labetalol,0,CC(CCc1ccccc1)NCC(O)c1ccc(O)c(C(N)=O)c1
583,salmeterol xinafoate,0,O=C(O)c1ccc2ccccc2c1O.OCc1cc(C(O)CNCCCCCCOCCCCc2ccccc2)ccc1O
584,ursodiol,0,C[C@H](CCC(=O)O)[C@H]1CC[C@H]2[C@@H]3[C@@H](O)C[C@@H]4C[C@H](O)CC[C@]4(C)[C@H]3CC[C@]12C
585,doxercalciferol,0,C=C1/C(=C\C=C2/CCC[C@]3(C)[C@@H]([C@H](C)/C=C/[C@H](C)C(C)C)CC[C@@H]23)C[C@@H](O)C[C@@H]1O
586,pioglitazone hydrochloride,0,CCc1ccc(CCOc2ccc(CC3SC(=O)NC3=O)cc2)nc1.Cl
587,zoledronic acid,0,O.O=P(O)(O)C(O)(Cn1ccnc1)P(=O)(O)O
588,azathioprine,0,Cn1cnc([N+](=O)[O-])c1Sc1ncnc2[nH]cnc12
589,atovaquone,0,O=C1C(O)=C([C@H]2CC[C@H](c3ccc(Cl)cc3)CC2)C(=O)c2ccccc21
590,atropine sulfate,0,CN1[C@@H]2CC[C@H]1C[C@@H](OC(=O)C(CO)c1ccccc1)C2.O=S(=O)(O)O
591,galantamine hydrobromide,0,Br.COc1ccc2c3c1O[C@H]1C[C@@H](O)C=C[C@@]31CCN(C)C2
592,medrysone,0,CC(=O)[C@H]1CC[C@H]2[C@@H]3C[C@H](C)C4=CC(=O)CC[C@]4(C)[C@H]3[C@@H](O)C[C@]12C
593,norepinephrine bitartrate,0,NC[C@H](O)c1ccc(O)c(O)c1.O.O=C(O)C(O)C(O)C(=O)O
594,methscopolamine bromide,0,C[N+]1(C)[C@@H]2C[C@@H](OC(=O)[C@H](CO)c3ccccc3)C[C@H]1[C@@H]1O[C@@H]12.[Br-]
595,vardenafil,0,CCCc1nc(C)c2c(=O)nc(-c3cc(S(=O)(=O)N4CCN(CC)CC4)ccc3OCC)[nH]n12
596,gatifloxacin,0,COc1c(N2CCNC(C)C2)c(F)cc2c(=O)c(C(=O)O)cn(C3CC3)c12
597,fluticasone furoate,0,C[C@@H]1C[C@H]2[C@@H]3C[C@H](F)C4=CC(=O)C=C[C@]4(C)[C@@]3(F)[C@@H](O)C[C@]2(C)[C@@]1(OC(=O)c1ccco1)C(=O)SCF
598,famciclovir,0,CC(=O)OCC(CCn1cnc2cnc(N)nc21)COC(C)=O
599,raltegravir,0,Cc1nnc(C(=O)NC(C)(C)c2nc(C(=O)NCc3ccc(F)cc3)c(O)c(=O)n2C)o1
600,isentress,0,Cc1nnc(C(=O)NC(C)(C)c2nc(C(=O)NCc3ccc(F)cc3)c(O)c(=O)n2C)o1
601,bosutinib monohydrate,0,COc1cc(Nc2c(C#N)cnc3cc(OCCCN4CCN(C)CC4)c(OC)cc23)c(Cl)cc1Cl.O
602,leflunomide,0,Cc1oncc1C(=O)Nc1ccc(C(F)(F)F)cc1
603,adapalene,0,COc1ccc(-c2ccc3cc(C(=O)O)ccc3c2)cc1C12CC3CC(CC(C3)C1)C2
604,edrophonium chloride,0,CC[N+](C)(C)c1cccc(O)c1.[Cl-]
605,acebutolol hydrochloride,0,CCCC(=O)Nc1ccc(OCC(O)CNC(C)C)c(C(C)=O)c1.Cl
606,isotretinoin,0,CC1=C(/C=C/C(C)=C/C=C/C(C)=C\C(=O)O)C(C)(C)CCC1
607,alfentanil hydrochloride,0,CCC(=O)N(c1ccccc1)C1(COC)CCN(CCn2nnn(CC)c2=O)CC1.Cl
608,octreotide acetate,0,CC(=O)O.C[C@@H](O)[C@@H]1NC(=O)[C@H](CCCCN)NC(=O)[C@@H](Cc2c[nH]c3ccccc23)NC(=O)[C@H](Cc2ccccc2)NC(=O)[C@@H](NC(=O)[C@H](N)Cc2ccccc2)CSSC[C@@H](C(=O)N[C@H](CO)[C@@H](C)O)NC1=O
609,zileuton,0,CC(c1cc2ccccc2s1)N(O)C(N)=O
610,cyclobenzaprine,0,CN(C)CCC=C1c2ccccc2C=Cc2ccccc21
611,methylergonovine maleate,0,CC[C@@H](CO)NC(=O)[C@@H]1C=C2c3cccc4[nH]cc(c34)C[C@H]2N(C)C1.O=C(O)/C=C\C(=O)O
612,clindamycin palmitate hydrochloride,0,CCCCCCCCCCCCCCCC(=O)O[C@@H]1[C@@H](O)[C@@H](O)[C@@H]([C@H](NC(=O)[C@@H]2C[C@@H](CCC)CN2C)[C@H](C)Cl)O[C@@H]1SC.Cl
613,etravirine,0,Cc1cc(C#N)cc(C)c1Oc1nc(Nc2ccc(C#N)cc2)nc(N)c1Br
614,oxandrolone,0,C[C@]12COC(=O)C[C@@H]1CC[C@@H]1[C@@H]2CC[C@@]2(C)[C@H]1CC[C@]2(C)O
615,mitoxantrone hydrochloride,0,Cl.Cl.O=C1c2c(O)ccc(O)c2C(=O)c2c(NCCNCCO)ccc(NCCNCCO)c21
618,cefazolin sodium,0,Cc1nnc(SCC2=C(C(=O)[O-])N3C(=O)[C@@H](NC(=O)Cn4cnnn4)[C@H]3SC2)s1.[Na+]
619,tropicamide,0,CCN(Cc1ccncc1)C(=O)C(CO)c1ccccc1
620,anthralin,0,O=C1c2c(O)cccc2Cc2cccc(O)c21
621,beclomethasone dipropionate,0,CCC(=O)OCC(=O)[C@@]1(OC(=O)CC)[C@@H](C)C[C@H]2[C@@H]3CCC4=CC(=O)C=C[C@]4(C)[C@@]3(Cl)[C@@H](O)C[C@@]21C
622,bisoprolol fumarate,0,CC(C)NCC(O)COc1ccc(COCCOC(C)C)cc1.CC(C)NCC(O)COc1ccc(COCCOC(C)C)cc1.O=C(O)/C=C/C(=O)O
623,pyridostigmine bromide oral,0,CN(C)C(=O)Oc1ccc[n+](C)c1.[Br-]
624,pyridostigmine bromide,0,CN(C)C(=O)Oc1ccc[n+](C)c1.[Br-]
625,fondaparinux sodium,0,CO[C@H]1O[C@H](COS(=O)(=O)[O-])[C@@H](O[C@@H]2O[C@@H](C(=O)[O-])[C@@H](O[C@H]3O[C@H](COS(=O)(=O)[O-])[C@@H](O[C@@H]4O[C@H](C(=O)[O-])[C@@H](O[C@H]5O[C@H](COS(=O)(=O)[O-])[C@@H](O)[C@H](O)[C@H]5NS(=O)(=O)[O-])[C@H](O)[C@H]4O)[C@H](OS(=O)(=O)[O-])[C@H]3NS(=O)(=O)[O-])[C@H](O)[C@H]2OS(=O)(=O)[O-])[C@H](O)[C@H]1NS(=O)(=O)[O-].[Na+].[Na+].[Na+].[Na+].[Na+].[Na+].[Na+].[Na+].[Na+].[Na+]
626,cefepime,0,CO/N=C(\C(=O)N[C@@H]1C(=O)N2C(C(=O)[O-])=C(C[N+]3(C)CCCC3)CS[C@H]12)c1csc(N)n1
627,ampicillin sodium,0,CC1(C)S[C@@H]2[C@H](NC(=O)[C@H](N)c3ccccc3)C(=O)N2[C@H]1C(=O)[O-].[Na+]
628,rocuronium bromide,0,C=CC[N+]1([C@H]2C[C@H]3[C@@H]4CC[C@H]5C[C@H](O)[C@@H](N6CCOCC6)C[C@]5(C)[C@H]4CC[C@]3(C)[C@H]2OC(C)=O)CCCC1.[Br-]
629,meperidine hydrochloride,0,CCOC(=O)C1(c2ccccc2)CCN(C)CC1.Cl
630,amphotericin b,0,C[C@@H]1[C@H](O)[C@@H](C)/C=C/C=C/C=C/C=C/C=C/C=C/C=C/[C@H](O[C@@H]2O[C@H](C)[C@@H](O)[C@H](N)[C@@H]2O)C[C@@H]2O[C@](O)(C[C@@H](O)C[C@@H](O)[C@H](O)CC[C@@H](O)C[C@@H](O)CC(=O)O[C@H]1C)C[C@H](O)[C@H]2C(=O)O
631,ambrisentan,0,COC(c1ccccc1)(c1ccccc1)[C@H](Oc1nc(C)cc(C)n1)C(=O)O
632,ganciclovir,0,Nc1nc2c(ncn2COC(CO)CO)c(=O)[nH]1
633,fluocinonide,0,CC(=O)OCC(=O)[C@@]12OC(C)(C)O[C@@H]1C[C@H]1[C@@H]3C[C@H](F)C4=CC(=O)C=C[C@]4(C)[C@@]3(F)[C@@H](O)C[C@@]12C
634,fludrocortisone acetate,0,CC(=O)OCC(=O)[C@@]1(O)CC[C@H]2[C@@H]3CCC4=CC(=O)CC[C@]4(C)[C@@]3(F)[C@@H](O)C[C@@]21C
635,prochlorperazine,0,CN1CCN(CCCN2c3ccccc3Sc3ccc(Cl)cc32)CC1
636,dipyridamole,0,OCCN(CCO)c1nc(N2CCCCC2)c2nc(N(CCO)CCO)nc(N3CCCCC3)c2n1
637,quinidine gluconate,0,C=C[C@H]1CN2CC[C@H]1C[C@@H]2[C@@H](O)c1ccnc2ccc(OC)cc12.O=C(O)[C@H](O)[C@@H](O)[C@H](O)[C@H](O)CO
638,sufentanil,0,CCC(=O)N(c1ccccc1)C1(COC)CCN(CCc2cccs2)CC1
639,phenoxybenzamine hydrochloride,0,CC(COc1ccccc1)N(CCCl)Cc1ccccc1.Cl
640,granisetron,0,CN1C2CCCC1CC(NC(=O)c1nn(C)c3ccccc13)C2
641,olopatadine hydrochloride,0,CN(C)CC/C=C1/c2ccccc2COc2ccc(CC(=O)O)cc21.Cl
642,olopatadine hydrochloride nasal,0,CN(C)CC/C=C1/c2ccccc2COc2ccc(CC(=O)O)cc21.Cl
643,desonide,0,CC1(C)O[C@@H]2C[C@H]3[C@@H]4CCC5=CC(=O)C=C[C@]5(C)[C@H]4[C@@H](O)C[C@]3(C)[C@]2(C(=O)CO)O1
644,valganciclovir,0,CC(C)[C@H](N)C(=O)OCC(CO)OCn1cnc2c(=O)[nH]c(N)nc21
645,dopamine hydrochloride in dextrose,0,Cl.NCCc1ccc(O)c(O)c1
646,dopamine hydrochloride,0,Cl.NCCc1ccc(O)c(O)c1
647,trimethoprim hydrochloride,0,COc1cc(Cc2cnc(N)nc2N)cc(OC)c1OC.Cl
648,pindolol,0,CC(C)NCC(O)COc1cccc2[nH]ccc12
649,desvenlafaxine succinate,0,CN(C)CC(c1ccc(O)cc1)C1(O)CCCCC1.O=C(O)CCC(=O)O
650,chloroquine phosphate,0,CCN(CC)CCCC(C)Nc1ccnc2cc(Cl)ccc12.O=P(O)(O)O.O=P(O)(O)O
651,vardenafil hydrochloride,0,CCCc1nc(C)c2c(O)nc(-c3cc(S(=O)(=O)N4CCN(CC)CC4)ccc3OCC)nn12.Cl
652,erythromycin stearate,0,CCCCCCCCCCCCCCCCCC(=O)O.CC[C@H]1OC(=O)[C@H](C)[C@@H](O[C@H]2C[C@@](C)(OC)[C@@H](O)[C@H](C)O2)[C@H](C)[C@@H](O[C@@H]2O[C@H](C)C[C@H](N(C)C)[C@H]2O)[C@](C)(O)C[C@@H](C)C(=O)[C@H](C)[C@@H](O)[C@]1(C)O
653,frovatriptan succinate,0,CN[C@@H]1CCc2[nH]c3ccc(C(N)=O)cc3c2C1.O.O=C(O)CCC(=O)O
654,tolmetin sodium,0,Cc1ccc(C(=O)c2ccc(CC(=O)[O-])n2C)cc1.[Na+]
655,clobazam,0,CN1C(=O)CC(=O)N(c2ccccc2)c2cc(Cl)ccc21
656,ceftizoxime sodium,0,CO/N=C(\C(=O)N[C@@H]1C(=O)N2C(C(=O)[O-])=CCS[C@H]12)c1csc(N)n1.[Na+]
657,montelukast,0,CC(C)(O)c1ccccc1CC[C@@H](SCC1(CC(=O)O)CC1)c1cccc(/C=C/c2ccc3ccc(Cl)cc3n2)c1
658,erythromycin lactobionate,0,CC[C@H]1OC(=O)[C@H](C)[C@@H](O[C@H]2C[C@@](C)(OC)[C@@H](O)[C@H](C)O2)[C@H](C)[C@@H](O[C@@H]2O[C@H](C)C[C@H](N(C)C)[C@H]2O)[C@](C)(O)C[C@@H](C)C(=O)[C@H](C)[C@@H](O)[C@]1(C)O.O=C(O)[C@H](O)[C@@H](O)[C@H](O[C@@H]1O[C@H](CO)[C@H](O)[C@H](O)[C@H]1O)[C@H](O)CO
659,moxifloxacin,0,COc1c(N2C[C@@H]3CCCN[C@@H]3C2)c(F)cc2c(=O)c(C(=O)O)cn(C3CC3)c12
660,glucagon,0,CSCC[C@H](NC(=O)[C@H](CC(C)C)NC(=O)[C@H](Cc1c[nH]c2ccccc12)NC(=O)[C@H](CCC(N)=O)NC(=O)[C@@H](NC(=O)[C@H](Cc1ccccc1)NC(=O)[C@H](CC(=O)O)NC(=O)[C@H](CCC(N)=O)NC(=O)[C@H](C)NC(=O)[C@H](CCCN=C(N)N)NC(=O)[C@H](CCCN=C(N)N)NC(=O)[C@H](CO)NC(=O)[C@H](CC(=O)O)NC(=O)[C@H](CC(C)C)NC(=O)[C@H](Cc1ccc(O)cc1)NC(=O)[C@H](CCCCN)NC(=O)[C@H](CO)NC(=O)[C@H](Cc1ccc(O)cc1)NC(=O)[C@H](CC(=O)O)NC(=O)[C@H](CO)NC(=O)[C@@H](NC(=O)[C@H](Cc1ccccc1)NC(=O)[C@@H](NC(=O)CNC(=O)[C@H](CCC(N)=O)NC(=O)[C@H](CO)NC(=O)[C@@H](N)Cc1c[nH]cn1)[C@@H](C)O)[C@@H](C)O)C(C)C)C(=O)N[C@@H](CC(N)=O)C(=O)N[C@H](C(=O)O)[C@@H](C)O
661,fluphenazine hydrochloride,0,Cl.Cl.OCCN1CCN(CCCN2c3ccccc3Sc3ccc(C(F)(F)F)cc32)CC1
662,didanosine,0,O=c1[nH]cnc2c1ncn2[C@H]1CC[C@@H](CO)O1
663,tetracycline hydrochloride,0,CN(C)[C@@H]1C(O)=C(C(N)=O)C(=O)[C@@]2(O)C(O)=C3C(=O)c4c(O)cccc4[C@@](C)(O)[C@H]3C[C@@H]12.Cl
664,bismuth subcitrate potassium- metronidazole- tetracycline hydrochloride,0,CN(C)[C@@H]1C(O)=C(C(N)=O)C(=O)[C@@]2(O)C(O)=C3C(=O)c4c(O)cccc4[C@@](C)(O)[C@H]3C[C@@H]12.Cl
665,aprepitant,0,C[C@@H](O[C@H]1OCCN(Cc2n[nH]c(=O)[nH]2)[C@H]1c1ccc(F)cc1)c1cc(C(F)(F)F)cc(C(F)(F)F)c1
666,cetirizine hydrochloride,0,Cl.Cl.O=C(O)COCCN1CCN(C(c2ccccc2)c2ccc(Cl)cc2)CC1
667,phentolamine mesylate,0,CS(=O)(=O)O.Cc1ccc(N(CC2=NCCN2)c2cccc(O)c2)cc1
668,disulfiram,0,CCN(CC)C(=S)SSC(=S)N(CC)CC
669,praziquantel,0,O=C(C1CCCCC1)N1CC(=O)N2CCc3ccccc3C2C1
670,indapamide,0,CC1Cc2ccccc2N1NC(=O)c1ccc(Cl)c(S(N)(=O)=O)c1
671,gemifloxacin mesylate,0,CO/N=C1\CN(c2nc3c(cc2F)c(=O)c(C(=O)O)cn3C2CC2)CC1CN.CS(=O)(=O)O
672,ibutilide fumarate,0,CCCCCCCN(CC)CCCC(O)c1ccc(NS(C)(=O)=O)cc1.CCCCCCCN(CC)CCCC(O)c1ccc(NS(C)(=O)=O)cc1.O=C(O)/C=C/C(=O)O
673,nepafenac,0,NC(=O)Cc1cccc(C(=O)c2ccccc2)c1N
676,desloratadine,0,Clc1ccc2c(c1)CCc1cccnc1C2=C1CCNCC1
677,cromolyn sodium,0,O=C([O-])c1cc(=O)c2c(OCC(O)COc3cccc4oc(C(=O)[O-])cc(=O)c34)cccc2o1.[Na+].[Na+]
678,selegiline hydrochloride,0,C#CCN(C)[C@H](C)Cc1ccccc1.Cl
679,ethambutol hydrochloride,0,CC[C@@H](CO)NCCN[C@@H](CC)CO.Cl.Cl
680,tetracaine hydrochloride,0,CCCCNc1ccc(C(=O)OCCN(C)C)cc1.Cl
681,estazolam,0,Clc1ccc2c(c1)C(c1ccccc1)=NCc1nncn1-2
682,chlorothiazide sodium,0,NS(=O)(=O)c1cc2c(cc1Cl)N=C[N-]S2(=O)=O.[Na+]
683,demeclocycline hydrochloride,0,CN(C)[C@@H]1C(O)=C(C(N)=O)C(=O)[C@@]2(O)C(O)=C3C(=O)c4c(O)ccc(Cl)c4[C@@H](O)[C@H]3C[C@@H]12.Cl
684,thioridazine hydrochloride,0,CSc1ccc2c(c1)N(CCC1CCCCN1C)c1ccccc1S2.Cl
685,vinblastine sulfate,0,CC[C@]1(O)C[C@@H]2CN(CCc3c([nH]c4ccccc34)[C@@](C(=O)OC)(c3cc4c(cc3OC)N(C)[C@H]3[C@@](O)(C(=O)OC)[C@H](OC(C)=O)[C@]5(CC)C=CCN6CC[C@]43[C@@H]65)C2)C1.O=S(=O)(O)O
686,tiopronin,0,CC(S)C(=O)NCC(=O)O
687,dactinomycin,0,Cc1c2oc3c(C)ccc(C(=O)N[C@@H]4C(=O)N[C@H](C(C)C)C(=O)N5CCC[C@H]5C(=O)N(C)CC(=O)N(C)[C@@H](C(C)C)C(=O)O[C@@H]4C)c3nc-2c(C(=O)N[C@@H]2C(=O)N[C@H](C(C)C)C(=O)N3CCC[C@H]3C(=O)N(C)CC(=O)N(C)[C@@H](C(C)C)C(=O)O[C@@H]2C)c(N)c1=O
688,hydroxyurea,0,NC(=O)NO
689,scopolamine,0,CN1[C@@H]2C[C@@H](OC(=O)[C@H](CO)c3ccccc3)C[C@H]1[C@@H]1O[C@@H]12
692,isradipine,0,COC(=O)C1=C(C)NC(C)=C(C(=O)OC(C)C)C1c1cccc2nonc12
693,ceftizoxime,0,CO/N=C(\C(=O)N[C@@H]1C(=O)N2C(C(=O)O)=CCS[C@H]12)c1csc(N)n1
694,cefotaxime,0,CO/N=C(\C(=O)N[C@@H]1C(=O)N2C(C(=O)O)=C(COC(C)=O)CS[C@H]12)c1csc(N)n1
695,oxycodone,0,COc1ccc2c3c1O[C@H]1C(=O)CC[C@@]4(O)[C@@H](C2)N(C)CC[C@]314
696,chenodiol,0,C[C@H](CCC(=O)O)[C@H]1CC[C@H]2[C@@H]3[C@H](O)C[C@@H]4C[C@H](O)CC[C@]4(C)[C@H]3CC[C@]12C
697,pirfenidone,0,Cc1ccc(=O)n(-c2ccccc2)c1
698,dalfampridine,0,Nc1ccncc1
699,norethindrone acetate,0,C#C[C@]1(OC(C)=O)CC[C@H]2[C@@H]3CCC4=CC(=O)CC[C@@H]4[C@H]3CC[C@@]21C
700,clevidipine,0,CCCC(=O)OCOC(=O)C1=C(C)NC(C)=C(C(=O)OC)C1c1cccc(Cl)c1Cl
701,mitomycin,0,CO[C@@]12[C@H](COC(N)=O)C3=C(C(=O)C(C)=C(N)C3=O)N1C[C@@H]1N[C@@H]12
702,ethacrynate sodium,0,C=C(CC)C(=O)c1ccc(OCC(=O)[O-])c(Cl)c1Cl.[Na+]
703,eflornithine hydrochloride,0,Cl.NCCCC(N)(C(=O)O)C(F)F.O
704,almotriptan,0,CN(C)CCc1c[nH]c2ccc(CS(=O)(=O)N3CCCC3)cc12
705,trimipramine maleate,0,CC(CN(C)C)CN1c2ccccc2CCc2ccccc21.O=C(O)/C=C\C(=O)O
706,dimenhydrinate,0,CN(C)CCOC(c1ccccc1)c1ccccc1.Cn1c(=O)c2[nH]c(Cl)nc2n(C)c1=O
709,naloxone hydrochloride,0,C=CCN1CC[C@]23c4c5ccc(O)c4O[C@H]2C(=O)CC[C@@]3(O)[C@H]1C5.Cl
710,buprenorphine hydrochloride- naloxone hydrochloride,0,C=CCN1CC[C@]23c4c5ccc(O)c4O[C@H]2C(=O)CC[C@@]3(O)[C@H]1C5.Cl
711,tazarotene,0,CCOC(=O)c1ccc(C#Cc2ccc3c(c2)C(C)(C)CCS3)nc1
712,dobutamine,0,CC(CCc1ccc(O)cc1)NCCc1ccc(O)c(O)c1
713,fenofibric acid,0,CC(C)(Oc1ccc(C(=O)c2ccc(Cl)cc2)cc1)C(=O)O
714,flutamide,0,CC(C)C(=O)Nc1ccc([N+](=O)[O-])c(C(F)(F)F)c1
715,articaine hydrochloride- epinephrine bitartrate,0,CCCNC(C)C(=O)Nc1c(C)csc1C(=O)OC.Cl
716,dacarbazine,0,CN(C)/N=N/c1[nH]cnc1C(N)=O
717,rifabutin,0,CO[C@H]1/C=C/O[C@@]2(C)Oc3c(C)c(O)c4c(c3C2=O)C2=NC3(CCN(CC(C)C)CC3)NC2=C(NC(=O)/C(C)=C\C=C\[C@H](C)[C@H](O)[C@@H](C)[C@@H](O)[C@@H](C)[C@H](OC(C)=O)[C@@H]1C)C4=O
718,argatroban,0,CC1CNc2c(cccc2S(=O)(=O)N[C@@H](CCCNC(=N)N)C(=O)N2CC[C@@H](C)C[C@@H]2C(=O)O)C1
719,nebivolol hydrochloride,0,Cl.OC(CNCC(O)C1CCc2cc(F)ccc2O1)C1CCc2cc(F)ccc2O1
720,anagrelide hydrochloride,0,Cl.O=C1CN2Cc3c(ccc(Cl)c3Cl)N=C2N1
721,trimetrexate glucuronate,0,COc1cc(NCc2ccc3nc(N)nc(N)c3c2C)cc(OC)c1OC.O=C(O)[C@H]1O[C@H](O)[C@H](O)[C@@H](O)[C@@H]1O
722,trifluoperazine,0,CN1CCN(CCCN2c3ccccc3Sc3ccc(C(F)(F)F)cc32)CC1
723,sufentanil citrate,0,CCC(=O)N(c1ccccc1)C1(COC)CCN(CCc2cccs2)CC1.O=C(O)CC(O)(CC(=O)O)C(=O)O
724,propylthiouracil,0,CCCc1cc(=O)[nH]c(=S)[nH]1
725,procainamide hydrochloride,0,CCN(CC)CCNC(=O)c1ccc(N)cc1.Cl
726,procainamide hci,0,CCN(CC)CCNC(=O)c1ccc(N)cc1.Cl
727,aminophylline,0,Cn1c(=O)c2[nH]cnc2n(C)c1=O.Cn1c(=O)c2[nH]cnc2n(C)c1=O.NCCN
728,pimozide,0,O=c1[nH]c2ccccc2n1C1CCN(CCCC(c2ccc(F)cc2)c2ccc(F)cc2)CC1
729,etomidate,0,CCOC(=O)c1cncn1[C@H](C)c1ccccc1
732,gemcitabine hydrochloride,0,Cl.Nc1ccn([C@@H]2O[C@H](CO)[C@@H](O)C2(F)F)c(=O)n1
733,penicillin g potassium,0,CC1(C)S[C@@H]2[C@H](NC(=O)Cc3ccccc3)C(=O)N2[C@H]1C(=O)[O-].[K+]
734,brimonidine tartrate,0,Brc1c(NC2=NCCN2)ccc2nccnc12.O=C(O)[C@H](O)[C@@H](O)C(=O)O
735,polythiazide,0,CN1C(CSCC(F)(F)F)Nc2cc(Cl)c(S(N)(=O)=O)cc2S1(=O)=O
736,estramustine phosphate sodium,0,C[C@]12CC[C@@H]3c4ccc(OC(=O)N(CCCl)CCCl)cc4CC[C@H]3[C@@H]1CC[C@@H]2OP(=O)([O-])[O-].[Na+].[Na+]
737,lidocaine- menthol,0,CC1CCC(C(C)C)C(O)C1
738,temsirolimus,0,CO[C@H]1C[C@@H]2CC[C@@H](C)[C@@](O)(O2)C(=O)C(=O)N2CCCC[C@H]2C(=O)O[C@H]([C@H](C)C[C@@H]2CC[C@@H](OC(=O)C(C)(CO)CO)[C@H](OC)C2)CC(=O)[C@H](C)/C=C(\C)[C@@H](O)[C@@H](OC)C(=O)[C@H](C)C[C@H](C)/C=C/C=C/C=C/1C
739,carmustine,0,O=NN(CCCl)C(=O)NCCCl
740,buspirone,0,O=C1CC2(CCCC2)CC(=O)N1CCCCN1CCN(c2ncccn2)CC1
741,podofilox,0,COc1cc([C@@H]2c3cc4c(cc3[C@H](O)[C@H]3COC(=O)[C@H]23)OCO4)cc(OC)c1OC
742,clonidine,0,Clc1cccc(Cl)c1NC1=NCCN1
743,albuterol,0,CC(C)(C)NCC(O)c1ccc(O)c(CO)c1
744,trifluoperazine hydrochloride,0,CN1CCN(CCCN2c3ccccc3Sc3ccc(C(F)(F)F)cc32)CC1.Cl.Cl
745,bleomycin,0,Cc1c(N)nc([C@H](CC(N)=O)NC[C@H](N)C(N)=O)nc1C(=O)N[C@H](C(=O)N[C@H](C)[C@@H](O)[C@H](C)C(=O)N[C@H](C(=O)NCCc1nc(-c2nc(C(=O)NCCC[S+](C)C)cs2)cs1)[C@@H](C)O)[C@@H](O[C@@H]1O[C@@H](CO)[C@@H](O)[C@H](O)[C@@H]1O[C@H]1O[C@H](CO)[C@@H](O)[C@H](OC(N)=O)[C@@H]1O)c1c[nH]cn1
746,donepezil,0,COc1cc2c(cc1OC)C(=O)C(CC1CCN(Cc3ccccc3)CC1)C2
747,atazanavir,0,COC(=O)N[C@H](C(=O)N[C@@H](Cc1ccccc1)[C@@H](O)CN(Cc1ccc(-c2ccccn2)cc1)NC(=O)[C@@H](NC(=O)OC)C(C)(C)C)C(C)(C)C
748,gefitinib,0,COc1cc2ncnc(Nc3ccc(F)c(Cl)c3)c2cc1OCCCN1CCOCC1
749,ceftibuten dihydrate,0,Nc1nc(/C(=C/CC(=O)O)C(=O)N[C@@H]2C(=O)N3C(C(=O)O)=CCS[C@H]23)cs1.O.O
750,maraviroc,0,Cc1nnc(C(C)C)n1[C@H]1C[C@H]2CC[C@@H](C1)N2CC[C@H](NC(=O)C1CCC(F)(F)CC1)c1ccccc1
753,aminosalicylic acid,0,Nc1ccc(C(=O)O)c(O)c1
754,zanamivir,0,CC(=O)N[C@H]1[C@H]([C@H](O)[C@H](O)CO)OC(C(=O)O)=C[C@@H]1NC(=N)N
755,pergolide,0,CCCN1C[C@H](CSC)C[C@@H]2c3cccc4[nH]cc(c34)C[C@H]21
756,ertaczo,0,Clc1ccc(C(Cn2ccnc2)OCc2csc3c(Cl)cccc23)c(Cl)c1.O=[N+]([O-])O
757,sertaconazole nitrate,0,Clc1ccc(C(Cn2ccnc2)OCc2csc3c(Cl)cccc23)c(Cl)c1.O=[N+]([O-])O
758,ceftazidime,0,CC(C)(O/N=C(\C(=O)N[C@@H]1C(=O)N2C(C(=O)[O-])=C(C[n+]3ccccc3)CS[C@H]12)c1csc(N)n1)C(=O)O
759,dihydroergotamine mesylate,0,CN1C[C@H](C(=O)N[C@]2(C)O[C@@]3(O)[C@@H]4CCCN4C(=O)[C@H](Cc4ccccc4)N3C2=O)C[C@@H]2c3cccc4[nH]cc(c34)C[C@H]21.CS(=O)(=O)O
760,topotecan,0,CC[C@@]1(O)C(=O)OCc2c1cc1n(c2=O)Cc2cc3c(CN(C)C)c(O)ccc3nc2-1
761,alcaftadine,0,CN1CCC(=C2c3ccccc3CCn3c(C=O)cnc32)CC1
762,codeine sulfate,0,COc1ccc2c3c1O[C@H]1[C@@H](O)C=C[C@H]4[C@@H](C2)N(C)CC[C@@]341.COc1ccc2c3c1O[C@H]1[C@@H](O)C=C[C@H]4[C@@H](C2)N(C)CC[C@@]341.O.O.O.O=S(=O)(O)O
763,sitagliptin,0,N[C@@H](CC(=O)N1CCn2c(nnc2C(F)(F)F)C1)Cc1cc(F)c(F)cc1F
764,oxymetazoline hydrochloride,0,Cc1cc(C(C)(C)C)c(O)c(C)c1CC1=NCCN1.Cl
765,oxymetazoline hydrochloride ophthalmic,0,Cc1cc(C(C)(C)C)c(O)c(C)c1CC1=NCCN1.Cl
766,carbachol,0,C[N+](C)(C)CCOC(N)=O.[Cl-]
767,repaglinide,0,CCOc1cc(CC(=O)N[C@@H](CC(C)C)c2ccccc2N2CCCCC2)ccc1C(=O)O
768,lacosamide,0,COC[C@@H](NC(C)=O)C(=O)NCc1ccccc1
771,hydrocortisone- pramoxine hcl- chloroxylenol,0,Cc1cc(O)cc(C)c1Cl
772,betaine,0,C[N+](C)(C)CC(=O)O
773,naltrexone,0,O=C1CC[C@@]2(O)[C@H]3Cc4ccc(O)c5c4[C@@]2(CCN3CC2CC2)[C@H]1O5
774,haloperidol decanoate,0,CCCCCCCCCC(=O)OC1(c2ccc(Cl)cc2)CCN(CCCC(=O)c2ccc(F)cc2)CC1
775,phenazopyridine hydrochloride,0,Cl.Nc1ccc(/N=N/c2ccccc2)c(N)n1
776,phenazopyridine hcl 100mg,0,Cl.Nc1ccc(/N=N/c2ccccc2)c(N)n1
777,amiloride hydrochloride,0,Cl.N=C(N)NC(=O)c1nc(Cl)c(N)nc1N.O.O
778,amiloride hydrocloride,0,Cl.N=C(N)NC(=O)c1nc(Cl)c(N)nc1N.O.O
779,oseltamivir,0,CCOC(=O)C1=C[C@@H](OC(CC)CC)[C@H](NC(C)=O)[C@@H](N)C1
780,macimorelin acetate,0,CC(=O)O.CC(C)(N)C(=O)N[C@H](Cc1c[nH]c2ccccc12)C(=O)N[C@H](Cc1c[nH]c2ccccc12)NC=O
781,idarubicin hydrochloride,0,CC(=O)[C@]1(O)Cc2c(O)c3c(c(O)c2[C@@H](O[C@H]2C[C@H](N)[C@H](O)[C@H](C)O2)C1)C(=O)c1ccccc1C3=O.Cl
782,daunorubicin hydrochloride,0,COc1cccc2c1C(=O)c1c(O)c3c(c(O)c1C2=O)C[C@@](O)(C(C)=O)C[C@@H]3O[C@H]1C[C@H](N)[C@H](O)[C@H](C)O1.Cl
783,valganciclovir hydrochloride,0,CC(C)[C@H](N)C(=O)OCC(CO)OCn1cnc2c(=O)nc(N)[nH]c21.Cl
784,pentetate calcium trisodium,0,O=C([O-])CN(CCN(CC(=O)[O-])CC(=O)[O-])CCN(CC(=O)[O-])CC(=O)[O-].[Ca+2].[Na+].[Na+].[Na+]
785,cefditoren pivoxil,0,CO/N=C(\C(=O)N[C@@H]1C(=O)N2C(C(=O)OCOC(=O)C(C)(C)C)=C(/C=C\c3scnc3C)CS[C@H]12)c1csc(N)n1
786,levalbuterol tartrate,0,CC(C)(C)NC[C@H](O)c1ccc(O)c(CO)c1.CC(C)(C)NC[C@H](O)c1ccc(O)c(CO)c1.O=C(O)C(O)C(O)C(=O)O
787,fexofenadine hydrochloride,0,CC(C)(C(=O)O)c1ccc(C(O)CCCN2CCC(C(O)(c3ccccc3)c3ccccc3)CC2)cc1.Cl
788,bimatoprost,0,CCNC(=O)CCC/C=C\C[C@@H]1[C@@H](/C=C/[C@@H](O)CCc2ccccc2)[C@H](O)C[C@@H]1O
789,cocaine hydrochloride,0,COC(=O)[C@H]1[C@@H](OC(=O)c2ccccc2)C[C@@H]2CC[C@H]1N2C.Cl
790,cocaine hydrochloride nasal,0,COC(=O)[C@H]1[C@@H](OC(=O)c2ccccc2)C[C@@H]2CC[C@H]1N2C.Cl
791,rasagiline,0,C#CCN[C@@H]1CCc2ccccc21
792,conivaptan hydrochloride,0,Cc1nc2c([nH]1)-c1ccccc1N(C(=O)c1ccc(NC(=O)c3ccccc3-c3ccccc3)cc1)CC2.Cl
793,atracurium besylate,0,COc1ccc(CC2c3cc(OC)c(OC)cc3CC[N+]2(C)CCC(=O)OCCCCCOC(=O)CC[N+]2(C)CCc3cc(OC)c(OC)cc3C2Cc2ccc(OC)c(OC)c2)cc1OC.O=S(=O)([O-])c1ccccc1.O=S(=O)([O-])c1ccccc1
794,exenatide,0,CC[C@H](C)[C@H](NC(=O)[C@H](Cc1ccccc1)NC(=O)[C@H](CC(C)C)NC(=O)[C@H](CCCNC(=N)N)NC(=O)[C@@H](NC(=O)[C@H](C)NC(=O)[C@H](CCC(=O)O)NC(=O)[C@H](CCC(=O)O)NC(=O)[C@H](CCC(=O)O)NC(=O)[C@H](CCSC)NC(=O)[C@H](CCC(N)=O)NC(=O)[C@H](CCCCN)NC(=O)[C@H](CO)NC(=O)[C@H](CC(C)C)NC(=O)[C@H](CC(=O)O)NC(=O)[C@H](CO)NC(=O)[C@@H](NC(=O)[C@H](Cc1ccccc1)NC(=O)[C@@H](NC(=O)CNC(=O)[C@H](CCC(=O)O)NC(=O)CNC(=O)[C@@H](N)Cc1cnc[nH]1)[C@@H](C)O)[C@@H](C)O)C(C)C)C(=O)N[C@@H](CCC(=O)O)C(=O)N[C@@H](Cc1c[nH]c2ccccc12)C(=O)N[C@@H](CC(C)C)C(=O)N[C@@H](CCCCN)C(=O)N[C@@H](CC(N)=O)C(=O)NCC(=O)NCC(=O)N1CCC[C@H]1C(=O)N[C@@H](CO)C(=O)N[C@@H](CO)C(=O)NCC(=O)N[C@@H](C)C(=O)N1CCC[C@H]1C(=O)N1CCC[C@H]1C(=O)N1CCC[C@H]1C(=O)N[C@@H](CO)C(N)=O
795,bromfenac sodium,0,Nc1c(CC(=O)[O-])cccc1C(=O)c1ccc(Br)cc1.Nc1c(CC(=O)[O-])cccc1C(=O)c1ccc(Br)cc1.O.O.O.[Na+].[Na+]
796,darunavir,0,CC(C)CN(C[C@@H](O)[C@H](Cc1ccccc1)NC(=O)O[C@H]1CO[C@H]2OCC[C@H]21)S(=O)(=O)c1ccc(N)cc1
797,retapamulin,0,C=C[C@]1(C)C[C@@H](OC(=O)CS[C@@H]2C[C@H]3CC[C@@H](C2)N3C)[C@]2(C)[C@H](C)CC[C@]3(CCC(=O)[C@H]32)[C@@H](C)[C@@H]1O
798,neostigmine,0,CN(C)C(=O)Oc1cccc([N+](C)(C)C)c1
799,fluoxymesterone,0,C[C@]1(O)CC[C@H]2[C@@H]3CCC4=CC(=O)CC[C@]4(C)[C@@]3(F)[C@@H](O)C[C@@]21C
800,carbidopa,0,C[C@@](Cc1ccc(O)c(O)c1)(NN)C(=O)O.O
801,cortisone acetate,0,CC(=O)OCC(=O)[C@@]1(O)CC[C@H]2[C@@H]3CCC4=CC(=O)CC[C@]4(C)[C@H]3C(=O)C[C@@]21C
802,clemastine fumarate,0,CN1CCC[C@@H]1CCO[C@](C)(c1ccccc1)c1ccc(Cl)cc1.O=C(O)/C=C/C(=O)O
805,lomefloxacin hydrochloride,0,CCn1cc(C(=O)O)c(=O)c2cc(F)c(N3CCNC(C)C3)c(F)c21.Cl
808,albendazole,0,CCCSc1ccc2[nH]c(NC(=O)OC)nc2c1
809,acyclovir sodium,0,Nc1nc([O-])c2ncn(COCCO)c2n1.[Na+]
810,telithromycin,0,CC[C@H]1OC(=O)[C@H](C)C(=O)[C@H](C)[C@@H](O[C@@H]2O[C@H](C)C[C@H](N(C)C)[C@H]2O)[C@](C)(OC)C[C@@H](C)C(=O)[C@H](C)[C@H]2N(CCCCn3cnc(-c4cccnc4)c3)C(=O)O[C@]12C
811,piperacillin sodium,0,CCN1CCN(C(=O)N[C@@H](C(=O)N[C@@H]2C(=O)N3[C@@H]2SC(C)(C)[C@@H]3C(=O)[O-])c2ccccc2)C(=O)C1=O.[Na+]
812,danazol,0,C#C[C@]1(O)CC[C@H]2[C@@H]3CCC4=Cc5oncc5C[C@]4(C)[C@H]3CC[C@@]21C
813,darifenacin,0,NC(=O)C(c1ccccc1)(c1ccccc1)[C@@H]1CCN(CCc2ccc3c(c2)CCO3)C1
814,pancuronium bromide,0,CC(=O)O[C@H]1C[C@@H]2CC[C@@H]3[C@H](CC[C@@]4(C)[C@H]3C[C@H]([N+]3(C)CCCCC3)[C@@H]4OC(C)=O)[C@@]2(C)C[C@@H]1[N+]1(C)CCCCC1.[Br-].[Br-]
815,foscarnet sodium,0,O=C([O-])P(=O)([O-])[O-].[Na+].[Na+].[Na+]
816,tigecycline,0,CN(C)c1cc(NC(=O)CNC(C)(C)C)c(O)c2c1C[C@H]1C[C@H]3[C@H](N(C)C)C(O)=C(C(N)=O)C(=O)[C@@]3(O)C(O)=C1C2=O
817,estradiol acetate,0,CC(=O)Oc1ccc2c(c1)CC[C@@H]1[C@@H]2CC[C@]2(C)[C@@H](O)CC[C@@H]12
818,fosphenytoin sodium,0,O=C1NC(c2ccccc2)(c2ccccc2)C(=O)N1COP(=O)([O-])[O-].[Na+].[Na+]
819,apraclonidine,0,Nc1cc(Cl)c(N=C2NCCN2)c(Cl)c1
820,isoproterenol hydrochloride,0,CC(C)NCC(O)c1ccc(O)c(O)c1.Cl
821,bepotastine besilate,0,O=C(O)CCCN1CCC(O[C@@H](c2ccc(Cl)cc2)c2ccccn2)CC1.O=S(=O)(O)c1ccccc1
822,pitavastatin magnesium,0,O=C([O-])C[C@H](O)C[C@H](O)/C=C/c1c(C2CC2)nc2ccccc2c1-c1ccc(F)cc1.O=C([O-])C[C@H](O)C[C@H](O)/C=C/c1c(C2CC2)nc2ccccc2c1-c1ccc(F)cc1.[Mg+2]
823,roflumilast,0,O=C(Nc1c(Cl)cncc1Cl)c1ccc(OC(F)F)c(OCC2CC2)c1
824,homatropine hydrobromide,0,Br.CN1[C@@H]2CC[C@H]1C[C@@H](OC(=O)C(O)c1ccccc1)C2
829,phenobarbital sodium,0,CCC1(c2ccccc2)C(=O)N=C([O-])NC1=O.[Na+]
830,rufinamide,0,NC(=O)c1cn(Cc2c(F)cccc2F)nn1
831,doxapram hydrochloride,0,CCN1CC(CCN2CCOCC2)C(c2ccccc2)(c2ccccc2)C1=O.Cl.O
832,sodium tetradecyl sulfate,0,CCCCC(CC)CCC(CC(C)C)OS(=O)(=O)[O-].[Na+]
833,ibuprofen lysine,0,CC(C)Cc1ccc(C(C)C(=O)O)cc1.NCCCC[C@H](N)C(=O)O
834,crisaborole,0,N#Cc1ccc(Oc2ccc3c(c2)COB3O)cc1
837,drospirenone,0,C[C@]12CCC(=O)C=C1[C@@H]1C[C@@H]1[C@H]1[C@@H]3[C@@H]4C[C@@H]4[C@@]4(CCC(=O)O4)[C@@]3(C)CC[C@@H]12
838,eslicarbazepine acetate,0,CC(=O)O[C@H]1Cc2ccccc2N(C(N)=O)c2ccccc21
839,adrenalin (epinephrine),0,CNC[C@H](O)c1ccc(O)c(O)c1
840,triptorelin pamoate,0,CC(C)C[C@H](NC(=O)[C@@H](Cc1c[nH]c2ccccc12)NC(=O)[C@H](Cc1ccc(O)cc1)NC(=O)[C@H](CO)NC(=O)[C@H](Cc1c[nH]c2ccccc12)NC(=O)[C@H](Cc1c[nH]cn1)NC(=O)[C@@H]1CCC(=O)N1)C(=O)N[C@@H](CCCNC(=N)N)C(=O)N1CCC[C@H]1C(=O)NCC(N)=O.O=C(O)c1cc2ccccc2c(Cc2c(O)c(C(=O)O)cc3ccccc23)c1O
841,fosfomycin tromethamine,0,C[C@@H]1O[C@@H]1P(=O)(O)O.NC(CO)(CO)CO
842,amphetamine sulfate,0,CC(N)Cc1ccccc1.O=S(=O)(O)O
845,opicapone,0,Cc1c(Cl)c(C)[n+]([O-])c(Cl)c1-c1noc(-c2cc(O)c(O)c([N+](=O)[O-])c2)n1
846,fulvestrant,0,C[C@]12CC[C@@H]3c4ccc(O)cc4C[C@@H](CCCCCCCCC[S+]([O-])CCCC(F)(F)C(F)(F)F)[C@H]3[C@@H]1CC[C@@H]2O
847,apremilast,0,CCOc1cc([C@@H](CS(C)(=O)=O)N2C(=O)c3cccc(NC(C)=O)c3C2=O)ccc1OC
848,metyrosine,0,C[C@](N)(Cc1ccc(O)cc1)C(=O)O
851,quazepam,0,Fc1ccccc1C1=NCC(=S)N(CC(F)(F)F)c2ccc(Cl)cc21
852,caspofungin acetate,0,CC(=O)O.CC(=O)O.CC[C@H](C)C[C@H](C)CCCCCCCCC(=O)N[C@H]1C[C@@H](O)[C@@H](NCCN)NC(=O)[C@@H]2[C@@H](O)CCN2C(=O)[C@H]([C@H](O)CCN)NC(=O)[C@H]([C@H](O)[C@@H](O)c2ccc(O)cc2)NC(=O)[C@@H]2C[C@@H](O)CN2C(=O)[C@H]([C@@H](C)O)NC1=O
853,ticagrelor,0,CCCSc1nc(N[C@@H]2C[C@H]2c2ccc(F)c(F)c2)c2nnn([C@@H]3C[C@H](OCCO)[C@@H](O)[C@H]3O)c2n1
854,micafungin sodium,0,CCCCCOc1ccc(-c2cc(-c3ccc(C(=O)N[C@H]4C[C@@H](O)[C@@H](O)NC(=O)[C@@H]5[C@@H](O)[C@@H](C)CN5C(=O)[C@H]([C@H](O)CC(N)=O)NC(=O)[C@H]([C@H](O)[C@@H](O)c5ccc(O)c(OS(=O)(=O)[O-])c5)NC(=O)[C@@H]5C[C@@H](O)CN5C(=O)[C@H]([C@@H](C)O)NC4=O)cc3)no2)cc1.[Na+]
855,physostigmine salicylate,0,CNC(=O)Oc1ccc2c(c1)[C@]1(C)CCN(C)[C@@H]1N2C.O=C(O)c1ccccc1O
856,desflurane,0,FC(F)OC(F)C(F)(F)F
857,posaconazole,0,CC[C@@H]([C@H](C)O)n1ncn(-c2ccc(N3CCN(c4ccc(OC[C@@H]5CO[C@@](Cn6cncn6)(c6ccc(F)cc6F)C5)cc4)CC3)cc2)c1=O
858,docetaxel anhydrous,0,CC(=O)O[C@@]12CO[C@@H]1C[C@H](O)[C@@]1(C)C(=O)[C@H](O)C3=C(C)[C@@H](OC(=O)[C@H](O)[C@@H](NC(=O)OC(C)(C)C)c4ccccc4)C[C@@](O)([C@@H](OC(=O)c4ccccc4)[C@H]21)C3(C)C
859,methylergonovine,0,CC[C@@H](CO)NC(=O)[C@@H]1C=C2c3cccc4[nH]cc(c34)C[C@H]2N(C)C1
860,pralatrexate,0,C#CCC(Cc1cnc2nc(N)nc(N)c2n1)c1ccc(C(=O)N[C@@H](CCC(=O)O)C(=O)O)cc1
861,dimethyl sulfoxide,0,C[S+](C)[O-]
862,ciprofloxacin tablets,0,O=C(O)c1cn(C2CC2)c2cc(N3CCNCC3)c(F)cc2c1=O
865,goserelin acetate,0,CC(=O)O.CC(C)C[C@H](NC(=O)[C@@H](COC(C)(C)C)NC(=O)[C@H](Cc1ccc(O)cc1)NC(=O)[C@H](CO)NC(=O)[C@H](Cc1c[nH]c2ccccc12)NC(=O)[C@H](Cc1cnc[nH]1)NC(=O)[C@@H]1CCC(=O)N1)C(=O)N[C@@H](CCCNC(=N)N)C(=O)N1CCC[C@H]1C(=O)NNC(N)=O
866,promethazine hci,0,CC(CN1c2ccccc2Sc2ccccc21)N(C)C
867,halobetasol propionate,0,CCC(=O)O[C@]1(C(=O)CCl)[C@@H](C)C[C@H]2[C@@H]3C[C@H](F)C4=CC(=O)C=C[C@]4(C)[C@@]3(F)[C@@H](O)C[C@@]21C
871,nalbuphine hci,0,Cl.Oc1ccc2c3c1O[C@H]1[C@@H](O)CC[C@@]4(O)[C@@H](C2)N(CC2CCC2)CC[C@]314
872,nalbuphine hydrochloride,0,Cl.Oc1ccc2c3c1O[C@H]1[C@@H](O)CC[C@@]4(O)[C@@H](C2)N(CC2CCC2)CC[C@]314
873,chlorothiazide,0,NS(=O)(=O)c1cc2c(cc1Cl)N=CNS2(=O)=O
874,vincristine sulfate,0,CC[C@]1(O)C[C@H]2CN(CCc3c([nH]c4ccccc34)[C@@](C(=O)OC)(c3cc4c(cc3OC)N(C=O)[C@H]3[C@@](O)(C(=O)OC)[C@H](OC(C)=O)[C@]5(CC)C=CCN6CC[C@]43[C@@H]65)C2)C1.O=S(=O)(O)O
875,cisatracurium besylate,0,COc1ccc(C[C@@H]2c3cc(OC)c(OC)cc3CC[N@+]2(C)CCC(=O)OCCCCCOC(=O)CC[N@@+]2(C)CCc3cc(OC)c(OC)cc3[C@H]2Cc2ccc(OC)c(OC)c2)cc1OC.O=S(=O)([O-])c1ccccc1.O=S(=O)([O-])c1ccccc1
876,enfuvirtide,0,CC[C@H](C)[C@H](NC(=O)[C@H](CC(C)C)NC(=O)[C@H](CO)NC(=O)[C@H](Cc1cnc[nH]1)NC(=O)[C@@H](NC(=O)[C@H](CC(C)C)NC(=O)[C@H](CO)NC(=O)[C@@H](NC(=O)[C@H](Cc1ccc(O)cc1)NC(C)=O)[C@@H](C)O)[C@@H](C)CC)C(=O)N[C@@H](CCC(=O)O)C(=O)N[C@@H](CCC(=O)O)C(=O)N[C@@H](CO)C(=O)N[C@@H](CCC(N)=O)C(=O)N[C@@H](CC(N)=O)C(=O)N[C@@H](CCC(N)=O)C(=O)N[C@@H](CCC(N)=O)C(=O)N[C@@H](CCC(=O)O)C(=O)N[C@@H](CCCCN)C(=O)N[C@@H](CC(N)=O)C(=O)N[C@@H](CCC(=O)O)C(=O)N[C@@H](CCC(N)=O)C(=O)N[C@@H](CCC(=O)O)C(=O)N[C@@H](CC(C)C)C(=O)N[C@@H](CC(C)C)C(=O)N[C@@H](CCC(=O)O)C(=O)N[C@@H](CC(C)C)C(=O)N[C@@H](CC(=O)O)C(=O)N[C@@H](CCCCN)C(=O)N[C@@H](Cc1c[nH]c2ccccc12)C(=O)N[C@@H](C)C(=O)N[C@@H](CO)C(=O)N[C@@H](CC(C)C)C(=O)N[C@@H](Cc1c[nH]c2ccccc12)C(=O)N[C@@H](CC(N)=O)C(=O)N[C@@H](Cc1c[nH]c2ccccc12)C(=O)N[C@@H](Cc1ccccc1)C(N)=O
877,istradefylline,0,CCn1c(=O)c2c(nc(/C=C/c3ccc(OC)c(OC)c3)n2C)n(CC)c1=O
878,acetaminophen- caffeine- dihydrocodeine bitartrate,0,COc1ccc2c3c1O[C@H]1[C@@H](O)CC[C@H]4[C@@H](C2)N(C)CC[C@@]341.O=C(O)C(O)C(O)C(=O)O
879,octreotide,0,C[C@@H](O)[C@@H]1NC(=O)[C@H](CCCCN)NC(=O)[C@@H](Cc2c[nH]c3ccccc23)NC(=O)[C@H](Cc2ccccc2)NC(=O)[C@@H](NC(=O)[C@H](N)Cc2ccccc2)CSSC[C@@H](C(=O)N[C@H](CO)[C@@H](C)O)NC1=O
880,darifenacin hydrobromide,0,Br.NC(=O)C(c1ccccc1)(c1ccccc1)[C@@H]1CCN(CCc2ccc3c(c2)CCO3)C1
881,ethotoin,0,CCN1C(=O)NC(c2ccccc2)C1=O
882,naratriptan hydrochloride,0,CNS(=O)(=O)CCc1ccc2[nH]cc(C3CCN(C)CC3)c2c1.Cl
883,ertapenem,0,C[C@@H](O)[C@H]1C(=O)N2C(C(=O)O)=C(S[C@@H]3CN[C@H](C(=O)Nc4cccc(C(=O)O)c4)C3)[C@H](C)[C@H]12
884,butorphanol tartrate,0,O=C(O)C(O)C(O)C(=O)O.Oc1ccc2c(c1)[C@@]13CCCC[C@@]1(O)[C@@H](C2)N(CC1CCC1)CC3
885,butorphanol tartrate ,0,O=C(O)C(O)C(O)C(=O)O.Oc1ccc2c(c1)[C@@]13CCCC[C@@]1(O)[C@@H](C2)N(CC1CCC1)CC3
890,teriflunomide,0,C/C(O)=C(\C#N)C(=O)Nc1ccc(C(F)(F)F)cc1
891,naratriptan,0,CNS(=O)(=O)CCc1ccc2[nH]cc(C3CCN(C)CC3)c2c1
894,angiotensin ii,0,CC[C@H](C)[C@H](NC(=O)[C@H](Cc1ccc(O)cc1)NC(=O)[C@@H](NC(=O)[C@H](CCCNC(=N)N)NC(=O)[C@@H](N)CC(=O)O)C(C)C)C(=O)N[C@@H](Cc1cnc[nH]1)C(=O)N1CCC[C@H]1C(=O)N[C@@H](Cc1ccccc1)C(=O)O
895,peramivir,0,CCC(CC)[C@H](NC(C)=O)[C@@H]1[C@H](O)[C@@H](C(=O)O)C[C@H]1NC(=N)N.O.O.O
896,acetohydroxamic acid,0,CC(=O)NO
897,prasterone,0,C[C@]12CC[C@H](O)CC1=CC[C@@H]1[C@@H]2CC[C@]2(C)C(=O)CC[C@@H]12
898,succinylcholine,0,C[N+](C)(C)CCOC(=O)CCC(=O)OCC[N+](C)(C)C
899,abiraterone,0,C[C@]12CC[C@H](O)CC1=CC[C@@H]1[C@@H]2CC[C@]2(C)C(c3cccnc3)=CC[C@@H]12
900,esomeprazole sodium,0,COc1ccc2[n-]c([S@@+]([O-])Cc3ncc(C)c(OC)c3C)nc2c1.[Na+]
901,brompheniramine maleate- pseudoephedrine hydrochloride-,0,CN[C@@H](C)[C@@H](O)c1ccccc1.Cl
906,benztropine,0,CN1[C@@H]2CC[C@H]1C[C@@H](OC(c1ccccc1)c1ccccc1)C2
907,acitretin,0,COc1cc(C)c(/C=C/C(C)=C/C=C/C(C)=C/C(=O)O)c(C)c1C
908,elagolix,0,COc1cccc(-c2c(C)n(Cc3c(F)cccc3C(F)(F)F)c(=O)n(C[C@H](NCCCC(=O)O)c3ccccc3)c2=O)c1F
909,miglustat,0,CCCCN1C[C@H](O)[C@@H](O)[C@H](O)[C@H]1CO
910,micafungin,0,CCCCCOc1ccc(-c2cc(-c3ccc(C(=O)N[C@H]4C[C@@H](O)[C@@H](O)NC(=O)[C@@H]5[C@@H](O)[C@@H](C)CN5C(=O)[C@H]([C@H](O)CC(N)=O)NC(=O)[C@H]([C@H](O)[C@@H](O)c5ccc(O)c(OS(=O)(=O)O)c5)NC(=O)[C@@H]5C[C@@H](O)CN5C(=O)[C@H]([C@@H](C)O)NC4=O)cc3)no2)cc1
911,ethionamide,0,CCc1cc(C(N)=S)ccn1
912,bupropion,0,CC(NC(C)(C)C)C(=O)c1cccc(Cl)c1
913,trabectedin,0,COc1cc2c(cc1O)CCN[C@]21CS[C@@H]2c3c(OC(C)=O)c(C)c4c(c3[C@H](COC1=O)N1[C@@H]2[C@H]2c3c(cc(C)c(OC)c3O)C[C@@H]([C@@H]1O)N2C)OCO4
916,apixaban,0,COc1ccc(-n2nc(C(N)=O)c3c2C(=O)N(c2ccc(N4CCCCC4=O)cc2)CC3)cc1
921,atomoxetine,0,CNCC[C@@H](Oc1ccccc1C)c1ccccc1
922,piperacillin sodium- tazobactam sodium,0,C[C@]1(Cn2ccnn2)[C@H](C(=O)[O-])N2C(=O)C[C@H]2S1(=O)=O.[Na+]
923,purixan,0,O.Sc1ncnc2nc[nH]c12
924,diltiazem hydrochloride extended-release tablets,0,COc1ccc([C@@H]2Sc3ccccc3N(CCN(C)C)C(=O)[C@@H]2OC(C)=O)cc1
925,penicillin g sodium,0,CC1(C)S[C@@H]2[C@H](NC(=O)Cc3ccccc3)C(=O)N2[C@H]1C(=O)[O-].[Na+]
926,tivozanib,0,COc1cc2nccc(Oc3ccc(NC(=O)Nc4cc(C)on4)c(Cl)c3)c2cc1OC
927,vilazodone hydrochloride,0,Cl.N#Cc1ccc2[nH]cc(CCCCN3CCN(c4ccc5oc(C(N)=O)cc5c4)CC3)c2c1
928,esketamine hydrochloride,0,CN[C@]1(c2ccccc2Cl)CCCCC1=O.Cl
929,anidulafungin,0,CCCCCOc1ccc(-c2ccc(-c3ccc(C(=O)N[C@H]4C[C@@H](O)[C@@H](O)NC(=O)[C@@H]5[C@@H](O)[C@@H](C)CN5C(=O)[C@H]([C@@H](C)O)NC(=O)[C@H]([C@H](O)[C@@H](O)c5ccc(O)cc5)NC(=O)[C@@H]5C[C@@H](O)CN5C(=O)[C@H]([C@@H](C)O)NC4=O)cc3)cc2)cc1
932,hydrocortisone probutate,0,CCCC(=O)O[C@]1(C(=O)COC(=O)CC)CC[C@H]2[C@@H]3CCC4=CC(=O)CC[C@]4(C)[C@H]3[C@@H](O)C[C@@]21C
933,cabazitaxel,0,CO[C@H]1C(=O)[C@]2(C)[C@@H](OC)C[C@H]3OC[C@@]3(OC(C)=O)[C@H]2[C@H](OC(=O)c2ccccc2)[C@]2(O)C[C@H](OC(=O)[C@H](O)[C@@H](NC(=O)OC(C)(C)C)c3ccccc3)C(C)=C1C2(C)C
934,methamphetamine hydrochloride,0,CN[C@@H](C)Cc1ccccc1.Cl
935,cysteamine hydrochloride,0,Cl.NCCS
936,meclofenamate sodium,0,Cc1ccc(Cl)c(Nc2ccccc2C(=O)[O-])c1Cl.O.[Na+]
937,pyrimethamine,0,CCc1nc(N)nc(N)c1-c1ccc(Cl)cc1
938,amisulpride,0,CCN1CCCC1CNC(=O)c1cc(S(=O)(=O)CC)c(N)cc1OC
939,epoprostenol sodium,0,CCCCC[C@H](O)/C=C/[C@@H]1[C@H]2C/C(=C/CCCC(=O)[O-])O[C@H]2C[C@H]1O.[Na+]
940,sevoflurane,0,FCOC(C(F)(F)F)C(F)(F)F
941,axitinib,0,CNC(=O)c1ccccc1Sc1ccc2c(/C=C/c3ccccn3)n[nH]c2c1
942,dichlorphenamide,0,NS(=O)(=O)c1cc(Cl)c(Cl)c(S(N)(=O)=O)c1
943,pemetrexed,0,Nc1nc2[nH]cc(CCc3ccc(C(=O)N[C@@H](CCC(=O)O)C(=O)O)cc3)c2c(=O)[nH]1
944,calcifediol,0,C=C1CC[C@H](O)C/C1=C/C=C1\CCC[C@]2(C)[C@@H]([C@H](C)CCCC(C)(C)O)CC[C@@H]12.O
947,mefenamic acid,0,Cc1cccc(Nc2ccccc2C(=O)O)c1C
948,dapiprazole,0,Cc1ccccc1N1CCN(CCc2nnc3n2CCCC3)CC1
949,fosphenytoin,0,O=C1NC(c2ccccc2)(c2ccccc2)C(=O)N1COP(=O)(O)O
950,hydrocortisone sodium succinate,0,C[C@]12CCC(=O)C=C1CC[C@@H]1[C@@H]2[C@@H](O)C[C@@]2(C)[C@H]1CC[C@]2(O)C(=O)COC(=O)CCC(=O)[O-].[Na+]
951,diazoxide,0,CC1=Nc2ccc(Cl)cc2S(=O)(=O)N1
952,ganirelix acetate,0,CC(=O)O.CC(=O)O.CC/N=C(\NCC)NCCCC[C@H](NC(=O)[C@H](CC(C)C)NC(=O)[C@@H](CCCCN/C(=N/CC)NCC)NC(=O)[C@H](Cc1ccc(O)cc1)NC(=O)[C@H](CO)NC(=O)[C@@H](Cc1cccnc1)NC(=O)[C@@H](Cc1ccc(Cl)cc1)NC(=O)[C@@H](Cc1ccc2ccccc2c1)NC(C)=O)C(=O)N1CCC[C@H]1C(=O)N[C@H](C)C(N)=O
953,valrubicin,0,CCCCC(=O)OCC(=O)[C@]1(O)Cc2c(O)c3c(c(O)c2[C@@H](O[C@H]2C[C@H](NC(=O)C(F)(F)F)[C@H](O)[C@H](C)O2)C1)C(=O)c1c(OC)cccc1C3=O
954,methylphenidate,0,COC(=O)C(c1ccccc1)C1CCCCN1
955,perampanel,0,N#Cc1ccccc1-c1cc(-c2ccccn2)cn(-c2ccccc2)c1=O
956,glycopyrronium,0,C[N+]1(C)CCC(OC(=O)C(O)(c2ccccc2)C2CCCC2)C1
957,polidocanol,0,CCCCCCCCCCCCOCCOCCOCCOCCOCCOCCOCCOCCOCCO
958,nelarabine,0,COc1nc(N)nc2c1ncn2[C@@H]1O[C@H](CO)[C@@H](O)[C@@H]1O
959,ceftaroline fosamil,0,CCO/N=C(\C(=O)N[C@@H]1C(=O)N2C(C(=O)[O-])=C(Sc3nc(-c4cc[n+](C)cc4)cs3)CS[C@H]12)c1nsc(NP(=O)(O)O)n1
960,isocarboxazid,0,Cc1cc(C(=O)NNCc2ccccc2)no1
961,histamine,0,NCCc1c[nH]cn1
962,testosterone enanthate,0,CCCCCCC(=O)O[C@H]1CC[C@H]2[C@@H]3CCC4=CC(=O)CC[C@]4(C)[C@H]3CC[C@]12C
963,sunitinib malate,0,CCN(CC)CCNC(=O)c1c(C)[nH]c(/C=C2\C(=O)Nc3ccc(F)cc32)c1C.O=C(O)C[C@H](O)C(=O)O
964,potassium iodide,0,[I-].[K+]
965,vinorelbine,0,CCC1=C[C@@H]2CN(C1)Cc1c([nH]c3ccccc13)[C@@](C(=O)OC)(c1cc3c(cc1OC)N(C)[C@H]1[C@@](O)(C(=O)OC)[C@H](OC(C)=O)[C@]4(CC)C=CCN5CC[C@]31[C@@H]54)C2
966,difluprednate,0,CCCC(=O)O[C@]1(C(=O)COC(C)=O)CC[C@H]2[C@@H]3C[C@H](F)C4=CC(=O)C=C[C@]4(C)[C@@]3(F)[C@@H](O)C[C@@]21C
967,mitoxantrone,0,O=C1c2c(O)ccc(O)c2C(=O)c2c(NCCNCCO)ccc(NCCNCCO)c21
968,omacetaxine mepesuccinate,0,COC(=O)C[C@](O)(CCCC(C)(C)O)C(=O)O[C@@H]1C(OC)=C[C@]23CCCN2CCc2cc4c(cc2[C@H]13)OCO4
969,carboprost tromethamine,0,CCCCC[C@](C)(O)/C=C/[C@@H]1[C@@H](C/C=C\CCCC(=O)O)[C@@H](O)C[C@H]1O.NC(CO)(CO)CO
972,teriparatide,0,CC[C@H](C)[C@H](NC(=O)[C@H](CCC(=O)O)NC(=O)[C@H](CO)NC(=O)[C@@H](NC(=O)[C@@H](N)CO)C(C)C)C(=O)N[C@@H](CCC(N)=O)C(=O)N[C@@H](CC(C)C)C(=O)N[C@@H](CCSC)C(=O)N[C@@H](Cc1cnc[nH]1)C(=O)N[C@@H](CC(N)=O)C(=O)N[C@@H](CC(C)C)C(=O)NCC(=O)N[C@@H](CCCCN)C(=O)N[C@@H](Cc1cnc[nH]1)C(=O)N[C@@H](CC(C)C)C(=O)N[C@@H](CC(N)=O)C(=O)N[C@@H](CO)C(=O)N[C@@H](CCSC)C(=O)N[C@@H](CCC(=O)O)C(=O)N[C@@H](CCCNC(=N)N)C(=O)N[C@H](C(=O)N[C@@H](CCC(=O)O)C(=O)N[C@@H](Cc1c[nH]c2ccccc12)C(=O)N[C@@H](CC(C)C)C(=O)N[C@@H](CCCNC(=N)N)C(=O)N[C@@H](CCCCN)C(=O)N[C@@H](CCCCN)C(=O)N[C@@H](CC(C)C)C(=O)N[C@@H](CCC(N)=O)C(=O)N[C@@H](CC(=O)O)C(=O)N[C@H](C(=O)N[C@@H](Cc1cnc[nH]1)C(=O)N[C@@H](CC(N)=O)C(=O)N[C@@H](Cc1ccccc1)C(=O)O)C(C)C)C(C)C
973,nintedanib,0,COC(=O)c1ccc2c(c1)NC(=O)/C2=C(\Nc1ccc(N(C)C(=O)CN2CCN(C)CC2)cc1)c1ccccc1
974,sorafenib,0,CNC(=O)c1cc(Oc2ccc(NC(=O)Nc3ccc(Cl)c(C(F)(F)F)c3)cc2)ccn1
975,methylnaltrexone bromide,0,C[N+]1(CC2CC2)CC[C@]23c4c5ccc(O)c4O[C@H]2C(=O)CC[C@@]3(O)[C@H]1C5.[Br-]
976,nifurtimox,0,CC1CS(=O)(=O)CCN1/N=C/c1ccc([N+](=O)[O-])o1
977,brinzolamide,0,CCN[C@H]1CN(CCCOC)S(=O)(=O)c2sc(S(N)(=O)=O)cc21
978,miltefosine,0,CCCCCCCCCCCCCCCCOP(=O)([O-])OCC[N+](C)(C)C
979,penicillin g procaine,0,CC1(C)S[C@@H]2[C@H](NC(=O)Cc3ccccc3)C(=O)N2[C@H]1C(=O)O.CCN(CC)CCOC(=O)c1ccc(N)cc1.O
980,amlodipine,0,CCOC(=O)C1=C(COCCN)NC(C)=C(C(=O)OC)C1c1ccccc1Cl
981,tiagabine,0,Cc1ccsc1C(=CCCN1CCC[C@@H](C(=O)O)C1)c1sccc1C
982,echothiophate iodide for ophthalmic solution,0,CCOP(=O)(OCC)SCC[N+](C)(C)C.[I-]
983,miconazole,0,Clc1ccc(COC(Cn2ccnc2)c2ccc(Cl)cc2Cl)c(Cl)c1
984,tolvaptan,0,Cc1ccccc1C(=O)Nc1ccc(C(=O)N2CCCC(O)c3cc(Cl)ccc32)c(C)c1
985,ivabradine,0,COc1cc2c(cc1OC)CC(=O)N(CCCN(C)C[C@H]1Cc3cc(OC)c(OC)cc31)CC2
986,brivaracetam,0,CCC[C@@H]1CC(=O)N([C@@H](CC)C(N)=O)C1
987,belinostat,0,O=C(/C=C/c1cccc(S(=O)(=O)Nc2ccccc2)c1)NO
988,procarbazine hydrochloride,0,CNNCc1ccc(C(=O)NC(C)C)cc1.Cl
989,nitric oxide,0,[N]=O
992,deflazacort,0,CC(=O)OCC(=O)[C@@]12N=C(C)O[C@@H]1C[C@H]1[C@@H]3CCC4=CC(=O)C=C[C@]4(C)[C@H]3[C@@H](O)C[C@@]12C
993,romidepsin,0,C/C=C1\NC(=O)[C@H]2CSSCC/C=C/[C@H](CC(=O)N[C@H](C(C)C)C(=O)N2)OC(=O)[C@H](C(C)C)NC1=O
994,etoposide phosphate,0,COc1cc([C@@H]2c3cc4c(cc3[C@@H](O[C@@H]3O[C@@H]5CO[C@@H](C)O[C@H]5[C@H](O)[C@H]3O)[C@H]3COC(=O)[C@H]23)OCO4)cc(OC)c1OP(=O)(O)O
995,imatinib,0,Cc1ccc(NC(=O)c2ccc(CN3CCN(C)CC3)cc2)cc1Nc1nccc(-c2cccnc2)n1
996,flibanserin,0,O=c1[nH]c2ccccc2n1CCN1CCN(c2cccc(C(F)(F)F)c2)CC1
997,metoprolol succinate er tablets,0,COCCc1ccc(OCC(O)CNC(C)C)cc1.COCCc1ccc(OCC(O)CNC(C)C)cc1.O=C(O)CCC(=O)O
998,lidocaine- kenalog- povidone iodine,0,CCN(CC)CC(=O)Nc1c(C)cccc1C
999,butoconazole nitrate,0,Clc1ccc(CCC(Cn2ccnc2)Sc2c(Cl)cccc2Cl)cc1.O=[N+]([O-])O
1000,pentostatin,0,OC[C@H]1O[C@@H](n2cnc3c2N=CNC[C@H]3O)C[C@@H]1O
1001,glycerol phenylbutyrate,0,O=C(CCCc1ccccc1)OCC(COC(=O)CCCc1ccccc1)OC(=O)CCCc1ccccc1
1002,mifepristone,0,CC#C[C@]1(O)CC[C@H]2[C@@H]3CCC4=CC(=O)CCC4=C3[C@@H](c3ccc(N(C)C)cc3)C[C@@]21C
1003,leucine- phenylalanine- lysine hydrochloride- methionine- isoleucine- valine- histidine- threonine- tryptophan- alanine- glycine- arginine- proline- tyrosine- serine,0,Cl.NCCCC[C@H](N)C(=O)O
1004,rifapentine,0,CO[C@H]1/C=C/O[C@@]2(C)Oc3c(C)c(O)c4c(O)c(c(/C=N/N5CCN(C6CCCC6)CC5)c(O)c4c3C2=O)NC(=O)/C(C)=C\C=C\[C@H](C)[C@H](O)[C@@H](C)[C@@H](O)[C@@H](C)[C@H](OC(C)=O)[C@@H]1C
1005,cholic acid,0,C[C@H](CCC(=O)O)[C@H]1CC[C@H]2[C@@H]3[C@H](O)C[C@@H]4C[C@H](O)CC[C@]4(C)[C@H]3C[C@H](O)[C@]12C
1006,olodaterol respimat inhalation spray,0,COc1ccc(CC(C)(C)NC[C@H](O)c2cc(O)cc3c2OCC(=O)N3)cc1
1007,etonogestrel,0,C#C[C@]1(O)CC[C@H]2[C@@H]3CCC4=CC(=O)CC[C@@H]4[C@H]3C(=C)C[C@@]21CC
1008,lanreotide acetate,0,CC(=O)O.CC(C)[C@@H]1NC(=O)[C@H](CCCCN)NC(=O)[C@@H](Cc2c[nH]c3ccccc23)NC(=O)[C@H](Cc2ccc(O)cc2)NC(=O)[C@@H](NC(=O)[C@H](N)Cc2ccc3ccccc3c2)CSSC[C@@H](C(=O)N[C@H](C(N)=O)[C@@H](C)O)NC1=O
1009,rifamycin,0,CO[C@H]1/C=C/O[C@@]2(C)Oc3c(C)c(O)c4c(O)c(cc(O)c4c3C2=O)NC(=O)/C(C)=C\C=C\[C@H](C)[C@H](O)[C@@H](C)[C@@H](O)[C@@H](C)[C@H](OC(C)=O)[C@@H]1C
1010,apraclonidine hydrochloride,0,Cl.Nc1cc(Cl)c(N=C2NCCN2)c(Cl)c1
1011,ephedrine hydrochloride,0,CN[C@@H](C)[C@H](O)c1ccccc1.Cl
1012,vismodegib,0,CS(=O)(=O)c1ccc(C(=O)Nc2ccc(Cl)c(-c3ccccn3)c2)c(Cl)c1
1013,benznidazole,0,O=C(Cn1ccnc1[N+](=O)[O-])NCc1ccccc1
1014,amifostine,0,NCCCNCCSP(=O)(O)O
1017,edoxaban tosylate,0,CN1CCc2nc(C(=O)N[C@@H]3C[C@@H](C(=O)N(C)C)CC[C@@H]3NC(=O)C(=O)Nc3ccc(Cl)cn3)sc2C1.Cc1ccc(S(=O)(=O)O)cc1
1018,orlistat,0,CCCCCCCCCCC[C@@H](C[C@@H]1OC(=O)[C@H]1CCCCCC)OC(=O)[C@H](CC(C)C)NC=O
1019,plerixafor,0,c1cc(CN2CCCNCCNCCCNCC2)ccc1CN1CCCNCCNCCCNCC1
1020,afatinib,0,CN(C)C/C=C/C(=O)Nc1cc2c(Nc3ccc(F)c(Cl)c3)ncnc2cc1O[C@H]1CCOC1
1021,brompheniramine- pseudoephedrine- dextromethorphan,0,COc1ccc2c(c1)[C@]13CCCC[C@@H]1[C@H](C2)N(C)CC3
1022,monomethyl fumarate,0,COC(=O)/C=C/C(=O)O
1023,letermovir,0,COc1cccc(N2CCN(C3=Nc4c(F)cccc4[C@H](CC(=O)O)N3c3cc(C(F)(F)F)ccc3OC)CC2)c1
1024,bortezomib,0,CC(C)C[C@H](NC(=O)[C@H](Cc1ccccc1)NC(=O)c1cnccn1)B(O)O
1025,dabigatran etexilate,0,CCCCCCOC(=O)NC(=N)c1ccc(NCc2nc3cc(C(=O)N(CCC(=O)OCC)c4ccccn4)ccc3n2C)cc1
1026,apomorphine hydrochloride,0,CN1CCc2cccc3c2[C@H]1Cc1ccc(O)c(O)c1-3.CN1CCc2cccc3c2[C@H]1Cc1ccc(O)c(O)c1-3.Cl.Cl.O
1027,chlorambucil,0,O=C(O)CCCc1ccc(N(CCCl)CCCl)cc1
1028,levodopa,0,N[C@@H](Cc1ccc(O)c(O)c1)C(=O)O
1029,isavuconazonium sulfate,0,CNCC(=O)OCc1cccnc1N(C)C(=O)OC(C)[n+]1cnn(C[C@](O)(c2cc(F)ccc2F)[C@@H](C)c2nc(-c3ccc(C#N)cc3)cs2)c1.O=S(=O)([O-])O
1030,crizotinib,0,C[C@@H](Oc1cc(-c2cnn(C3CCNCC3)c2)cnc1N)c1c(Cl)ccc(F)c1Cl
1031,brincidofovir,0,CCCCCCCCCCCCCCCCOCCCOP(=O)(O)CO[C@H](CO)Cn1ccc(N)nc1=O
1032,paroxetine mesylate,0,CS(=O)(=O)O.Fc1ccc([C@@H]2CCNC[C@H]2COc2ccc3c(c2)OCO3)cc1
1033,mechlorethamine hydrochloride,0,CN(CCCl)CCCl.Cl
1034,selexipag,0,CC(C)N(CCCCOCC(=O)NS(C)(=O)=O)c1cnc(-c2ccccc2)c(-c2ccccc2)n1
1035,viloxazine hydrochloride,0,CCOc1ccccc1OCC1CNCCO1.Cl
1036,brexanolone,0,CC(=O)[C@H]1CC[C@H]2[C@@H]3CC[C@H]4C[C@H](O)CC[C@]4(C)[C@H]3CC[C@]12C
1037,maralixibat chloride,0,CCCCC1(CCCC)CS(=O)(=O)c2ccc(N(C)C)cc2[C@@H](c2ccc(OCc3ccc(C[N+]45CCN(CC4)CC5)cc3)cc2)[C@H]1O.[Cl-]
1038,minocycline,0,CN(C)c1ccc(O)c2c1C[C@H]1C[C@H]3[C@H](N(C)C)C(O)=C(C(N)=O)C(=O)[C@@]3(O)C(O)=C1C2=O
1039,thioguanine,0,Nc1nc2[nH]cnc2c(=S)[nH]1
1040,allopurinol sodium,0,O=c1[n-]cnc2[nH]ncc12.[Na+]
1041,amikacin,0,NCC[C@H](O)C(=O)N[C@@H]1C[C@H](N)[C@@H](O[C@H]2O[C@H](CN)[C@@H](O)[C@H](O)[C@H]2O)[C@H](O)[C@H]1O[C@H]1O[C@H](CO)[C@@H](O)[C@H](N)[C@H]1O
1042,atorvastatin calcium,0,CC(C)c1c(C(=O)Nc2ccccc2)c(-c2ccccc2)c(-c2ccc(F)cc2)n1CC[C@@H](O)C[C@@H](O)CC(=O)[O-].CC(C)c1c(C(=O)Nc2ccccc2)c(-c2ccccc2)c(-c2ccc(F)cc2)n1CC[C@@H](O)C[C@@H](O)CC(=O)[O-].[Ca+2]
1043,atorvastatin calcium- film coated,0,CC(C)c1c(C(=O)Nc2ccccc2)c(-c2ccccc2)c(-c2ccc(F)cc2)n1CC[C@@H](O)C[C@@H](O)CC(=O)[O-].CC(C)c1c(C(=O)Nc2ccccc2)c(-c2ccccc2)c(-c2ccc(F)cc2)n1CC[C@@H](O)C[C@@H](O)CC(=O)[O-].[Ca+2]
1044,demeclocycline,0,CN(C)[C@@H]1C(O)=C(C(N)=O)C(=O)[C@@]2(O)C(O)=C3C(=O)c4c(O)ccc(Cl)c4[C@@H](O)[C@H]3C[C@@H]12
1045,eltrombopag olamine,0,CC1=NN(c2ccc(C)c(C)c2)C(=O)/C1=N\Nc1cccc(-c2cccc(C(=O)O)c2)c1O.NCCO.NCCO
1046,lapatinib,0,CS(=O)(=O)CCNCc1ccc(-c2ccc3ncnc(Nc4ccc(OCc5cccc(F)c5)c(Cl)c4)c3c2)o1
1047,ergotamine tartrate- caffeine,0,CN1C[C@H](C(=O)N[C@]2(C)O[C@@]3(O)[C@@H]4CCCN4C(=O)[C@H](Cc4ccccc4)N3C2=O)C=C2c3cccc4[nH]cc(c34)C[C@H]21.CN1C[C@H](C(=O)N[C@]2(C)O[C@@]3(O)[C@@H]4CCCN4C(=O)[C@H](Cc4ccccc4)N3C2=O)C=C2c3cccc4[nH]cc(c34)C[C@H]21.O=C(O)C(O)C(O)C(=O)O
1050,umeclidinium,0,OC(c1ccccc1)(c1ccccc1)C12CC[N+](CCOCc3ccccc3)(CC1)CC2
1051,carfilzomib,0,CC(C)C[C@H](NC(=O)[C@H](CCc1ccccc1)NC(=O)CN1CCOCC1)C(=O)N[C@@H](Cc1ccccc1)C(=O)N[C@@H](CC(C)C)C(=O)[C@@]1(C)CO1
1052,vandetanib,0,COc1cc2/c(=N/c3ccc(Br)cc3F)nc[nH]c2cc1OCC1CCN(C)CC1
1053,kit for the preparation of technetium tc 99m pentetate,0,O=C(O)CN(CCN(CC(=O)O)CC(=O)O)CCN(CC(=O)O)CC(=O)O
1054,alvimopan,0,C[C@H]1CN(C[C@H](Cc2ccccc2)C(=O)NCC(=O)O)CC[C@@]1(C)c1cccc(O)c1
1055,pazopanib hydrochloride,0,Cc1ccc(Nc2nccc(N(C)c3ccc4c(C)n(C)nc4c3)n2)cc1S(N)(=O)=O.Cl
1056,lenvatinib,0,COc1cc2nccc(Oc3ccc(NC(=O)NC4CC4)c(Cl)c3)c2cc1C(N)=O
1057,rucaparib,0,CNCc1ccc(-c2[nH]c3cc(F)cc4c3c2CCNC4=O)cc1
1058,degarelix,0,CC(=O)N[C@H](Cc1ccc2ccccc2c1)C(=O)N[C@H](Cc1ccc(Cl)cc1)C(=O)N[C@H](Cc1cccnc1)C(=O)N[C@@H](CO)C(=O)N[C@@H](Cc1ccc(NC(=O)[C@@H]2CC(=O)NC(=O)N2)cc1)C(=O)N[C@H](Cc1ccc(NC(N)=O)cc1)C(=O)N[C@@H](CC(C)C)C(=O)N[C@@H](CCCCNC(C)C)C(=O)N1CCC[C@H]1C(=O)N[C@H](C)C(N)=O
1059,streptomycin,0,CN[C@@H]1[C@H](O[C@H]2[C@H](O[C@H]3[C@H](O)[C@@H](O)[C@H](N=C(N)N)[C@@H](O)[C@@H]3N=C(N)N)O[C@@H](C)[C@]2(O)C=O)O[C@@H](CO)[C@H](O)[C@H]1O
1060,rocuronium,0,C=CC[N+]1([C@H]2C[C@H]3[C@@H]4CC[C@H]5C[C@H](O)[C@@H](N6CCOCC6)C[C@]5(C)[C@H]4CC[C@]3(C)[C@H]2OC(C)=O)CCCC1
1063,lenalidomide,0,Nc1cccc2c1CN(C1CCC(=O)NC1=O)C2=O
1064,safinamide mesylate,0,CS(=O)(=O)O.C[C@H](NCc1ccc(OCc2cccc(F)c2)cc1)C(N)=O
1065,enalapril,0,CCOC(=O)[C@H](CCc1ccccc1)N[C@@H](C)C(=O)N1CCC[C@H]1C(=O)O
1066,fostemsavir tromethamine,0,COc1cnc(-n2cnc(C)n2)c2c1c(C(=O)C(=O)N1CCN(C(=O)c3ccccc3)CC1)cn2COP(=O)(O)O.NC(CO)(CO)CO
1067,fenfluramine,0,CCNC(C)Cc1cccc(C(F)(F)F)c1
1068,triptorelin,0,CC(C)C[C@H](NC(=O)[C@@H](Cc1c[nH]c2ccccc12)NC(=O)[C@H](Cc1ccc(O)cc1)NC(=O)[C@H](CO)NC(=O)[C@H](Cc1c[nH]c2ccccc12)NC(=O)[C@H](Cc1c[nH]cn1)NC(=O)[C@@H]1CCC(=O)N1)C(=O)N[C@@H](CCCNC(=N)N)C(=O)N1CCC[C@H]1C(=O)NCC(N)=O
1069,fedratinib hydrochloride,0,Cc1cnc(Nc2ccc(OCCN3CCCC3)cc2)nc1Nc1cccc(S(=O)(=O)NC(C)(C)C)c1.Cl.Cl.O
1070,levomilnacipran hydrochloride,0,CCN(CC)C(=O)[C@@]1(c2ccccc2)C[C@H]1CN.Cl
1071,tedizolid phosphate,0,Cn1nnc(-c2ccc(-c3ccc(N4C[C@H](COP(=O)(O)O)OC4=O)cc3F)cn2)n1
1072,edaravone,0,CC1=NN(c2ccccc2)C(=O)C1
1073,iloprost,0,CC#CCC(C)[C@H](O)/C=C/[C@@H]1[C@H]2C/C(=C/CCCC(=O)O)C[C@H]2C[C@H]1O
1074,cysteamine bitartrate,0,NCCS.O=C(O)[C@H](O)[C@@H](O)C(=O)O
1075,nilotinib,0,Cc1cn(-c2cc(NC(=O)c3ccc(C)c(Nc4nccc(-c5cccnc5)n4)c3)cc(C(F)(F)F)c2)cn1
1076,secnidazole,0,Cc1ncc([N+](=O)[O-])n1CC(C)O
1077,rotigotine,0,CCCN(CCc1cccs1)[C@H]1CCc2c(O)cccc2C1
1078,melphalan flufenamide,0,CCOC(=O)[C@H](Cc1ccc(F)cc1)NC(=O)[C@@H](N)Cc1ccc(N(CCCl)CCCl)cc1
1079,bupropion hydrobromide,0,Br.CC(NC(C)(C)C)C(=O)c1cccc(Cl)c1
1080,travoprost ophthalmic solution- 0.004%,0,CC(C)OC(=O)CCC/C=C\C[C@@H]1[C@@H](/C=C/[C@@H](O)COc2cccc(C(F)(F)F)c2)[C@H](O)C[C@@H]1O
1081,cannabidiol,0,C=C(C)[C@@H]1CCC(C)=C[C@H]1c1c(O)cc(CCCCC)cc1O
1082,triclabendazole,0,CSc1nc2cc(Cl)c(Oc3cccc(Cl)c3Cl)cc2[nH]1
1085,tipranavir,0,CCC[C@@]1(CCc2ccccc2)CC(O)=C([C@H](CC)c2cccc(NS(=O)(=O)c3ccc(C(F)(F)F)cn3)c2)C(=O)O1
1086,rilpivirine hydrochloride,0,Cc1cc(/C=C/C#N)cc(C)c1Nc1ccnc(Nc2ccc(C#N)cc2)n1.Cl
1087,anagrelide,0,O=C1CN2Cc3c(ccc(Cl)c3Cl)N=C2N1
1088,thalidomide,0,O=C1CCC(N2C(=O)c3ccccc3C2=O)C(=O)N1
1089,tecovirimat monohydrate,0,O.O=C(NN1C(=O)[C@@H]2[C@@H]3C=C[C@@H]([C@H]4C[C@@H]34)[C@@H]2C1=O)c1ccc(C(F)(F)F)cc1
1090,ponesimod,0,CCC/N=C1\S/C(=C\c2ccc(OC[C@H](O)CO)c(Cl)c2)C(=O)N1c1ccccc1C
1091,ixabepilone,0,C/C(=C\c1csc(C)n1)[C@@H]1C[C@@H]2O[C@]2(C)CCC[C@H](C)[C@H](O)[C@@H](C)C(=O)C(C)(C)[C@@H](O)CC(=O)N1
1092,rizatriptan,0,CN(C)CCc1c[nH]c2ccc(Cn3cncn3)cc12
1093,histrelin acetate,0,CC(=O)O.CCNC(=O)[C@@H]1CCCN1C(=O)[C@H](CCCNC(=N)N)NC(=O)[C@H](CC(C)C)NC(=O)[C@@H](Cc1cn(Cc2ccccc2)cn1)NC(=O)[C@H](Cc1ccc(O)cc1)NC(=O)[C@H](CO)NC(=O)[C@H](Cc1c[nH]c2ccccc12)NC(=O)[C@H](Cc1cnc[nH]1)NC(=O)[C@@H]1CCC(=O)N1
1094,quinine,0,C=C[C@H]1CN2CC[C@H]1C[C@H]2[C@H](O)c1ccnc2ccc(OC)cc12
1095,lomitapide mesylate,0,CS(=O)(=O)O.O=C(NC1CCN(CCCCC2(C(=O)NCC(F)(F)F)c3ccccc3-c3ccccc32)CC1)c1ccccc1-c1ccc(C(F)(F)F)cc1
1096,ritonavir 100 mg,0,CC(C)c1nc(CN(C)C(=O)N[C@H](C(=O)N[C@@H](Cc2ccccc2)C[C@H](O)[C@H](Cc2ccccc2)NC(=O)OCc2cncs2)C(C)C)cs1
1097,fidaxomicin,0,CCc1c(Cl)c(O)c(Cl)c(O)c1C(=O)O[C@H]1[C@H](O)[C@H](OC)[C@H](OC/C2=C\C=C\C[C@H](O)/C(C)=C/[C@H](CC)[C@@H](O[C@@H]3OC(C)(C)[C@@H](OC(=O)C(C)C)[C@H](O)[C@@H]3O)/C(C)=C/C(C)=C/C[C@@H]([C@@H](C)O)OC2=O)O[C@@H]1C
1098,lodoxamide tromethamine,0,N#Cc1cc(NC(=O)C(=O)O)c(Cl)c(NC(=O)C(=O)O)c1.NC(CO)(CO)CO.NC(CO)(CO)CO
1099,dantrolene,0,O=C1CN(/N=C/c2ccc(-c3ccc([N+](=O)[O-])cc3)o2)C(=O)N1
1100,clindamycin phosphate usp- 1%,0,CCC[C@@H]1C[C@@H](C(=O)N[C@@H]([C@H]2O[C@H](SC)[C@H](OP(=O)(O)O)[C@@H](O)[C@H]2O)[C@H](C)Cl)N(C)C1
1101,niraparib,0,NC(=O)c1cccc2cn(-c3ccc([C@@H]4CCCNC4)cc3)nc12
1104,dimethyl fumarate kit,0,COC(=O)/C=C/C(=O)OC
1105,methacholine chloride,0,CC(=O)OC(C)C[N+](C)(C)C.[Cl-]
1106,tirbanibulin,0,O=C(Cc1ccc(-c2ccc(OCCN3CCOCC3)cc2)cn1)NCc1ccccc1
1107,naproxen oral,0,COc1ccc2cc([C@H](C)C(=O)O)ccc2c1
1108,fingolimod hcl,0,CCCCCCCCc1ccc(CCC(N)(CO)CO)cc1.Cl
1109,pyrazinamide tablet,0,NC(=O)c1cnccn1
1110,abacavir sulfate- dolutegravir sodium- lamivudine,0,Nc1nc(NC2CC2)c2ncn([C@H]3C=C[C@@H](CO)C3)c2n1.Nc1nc(NC2CC2)c2ncn([C@H]3C=C[C@@H](CO)C3)c2n1.O=S(=O)(O)O
