drug_id,prediction,proba_withdrawn
CHEMBL6246,0,0.006308216135948896
CHEMBL204021,0,0.009736371226608753
CHEMBL6318,0,0.006651996169239283
CHEMBL6731,0,0.005778421647846699
CHEMBL269277,0,0.0004445191007107496
CHEMBL7492,0,0.04425961151719093
CHEMBL266497,0,0.004776772577315569
CHEMBL39,0,0.0046990904957056046
CHEMBL7568,0,0.01256171241402626
CHEMBL44,0,0.06966662406921387
CHEMBL7890,0,0.0004903717199340463
CHEMBL266510,0,0.027030639350414276
CHEMBL8145,0,0.05626857280731201
CHEMBL7983,0,0.002234965329989791
CHEMBL8260,0,0.017129037529230118
CHEMBL50,0,0.033870942890644073
CHEMBL8659,0,0.0014606091426685452
CHEMBL267476,0,0.0021023082081228495
CHEMBL267044,0,0.005450143478810787
CHEMBL8809,0,0.019200781360268593
CHEMBL63,0,0.022145308554172516
CHEMBL9194,0,0.006952290423214436
CHEMBL9509,0,0.011534400284290314
CHEMBL478,0,0.0031862466130405664
CHEMBL484,0,0.0007006339728832245
CHEMBL489,0,0.002974244998767972
CHEMBL10188,0,0.0028232489712536335
CHEMBL10316,0,0.0051070693880319595
CHEMBL491,0,0.00684098806232214
CHEMBL273264,0,0.00978829339146614
CHEMBL274070,0,0.007193907164037228
CHEMBL273862,0,0.0028101596981287003
CHEMBL11608,0,0.010542741045355797
CHEMBL274323,0,0.0034029874950647354
CHEMBL11298,0,0.0014674195554107428
CHEMBL12089,0,0.0067292265594005585
CHEMBL11662,0,0.005159513093531132
CHEMBL12543,0,0.002775639295578003
CHEMBL12318,0,0.0002670086396392435
CHEMBL12208,0,0.006676678080111742
CHEMBL267777,0,0.007703895680606365
CHEMBL12948,0,0.008777299895882607
CHEMBL96,0,0.0009555880096741021
CHEMBL273453,0,0.0011078675743192434
CHEMBL99,0,0.004370539449155331
CHEMBL273481,0,0.0013684786390513182
CHEMBL13817,0,0.0025409043300896883
CHEMBL276711,0,0.015009094029664993
CHEMBL274654,0,0.015525906346738338
CHEMBL13960,0,0.00039529227069579065
CHEMBL14021,0,0.00017868619761429727
CHEMBL13766,0,0.01770428568124771
CHEMBL441765,0,0.008674115873873234
CHEMBL14762,0,0.010580438189208508
CHEMBL14249,0,0.0007836082950234413
CHEMBL428690,0,0.02656656876206398
CHEMBL14935,0,0.0014582687290385365
CHEMBL15192,0,0.021032245829701424
CHEMBL557,0,0.025740062817931175
CHEMBL566,0,0.0031407661736011505
CHEMBL574,0,0.07026396691799164
CHEMBL576,0,0.00011641438322840258
CHEMBL16293,0,0.00982380099594593
CHEMBL9113,0,0.01919400691986084
CHEMBL275638,0,0.013268460519611835
CHEMBL16503,0,0.011276844888925552
CHEMBL17289,0,0.004911941476166248
CHEMBL17423,0,0.0031252349726855755
CHEMBL17350,0,0.002263545524328947
CHEMBL17962,0,0.007177069317549467
CHEMBL19299,0,0.008822659961879253
CHEMBL279785,0,0.0008477208320982754
CHEMBL19449,0,0.012395880185067654
CHEMBL428676,0,0.017318498343229294
CHEMBL20684,0,0.06357759237289429
CHEMBL214332,0,0.0002269793039886281
CHEMBL281594,0,0.004019163083285093
CHEMBL278315,0,0.0016108658164739609
CHEMBL21333,0,0.0025392817333340645
CHEMBL22055,0,0.00201533455401659
CHEMBL21536,0,0.015522771514952183
CHEMBL279014,0,0.06031256914138794
CHEMBL627,0,0.00881040096282959
CHEMBL281398,0,0.0032094961497932673
CHEMBL440464,0,0.01738283783197403
CHEMBL25336,0,0.006751746404916048
CHEMBL265502,0,0.00020887472783215344
CHEMBL279433,0,0.01185096986591816
CHEMBL23832,0,0.00544756418094039
CHEMBL23393,0,0.0010554337641224265
CHEMBL23293,0,0.003075303975492716
CHEMBL23261,0,0.002556680701673031
CHEMBL279229,0,0.004823134746402502
CHEMBL25202,0,0.006930596195161343
CHEMBL281872,0,0.00685303658246994
CHEMBL282686,0,0.004242896568030119
CHEMBL27769,0,0.0025828960351645947
CHEMBL26424,0,0.012555710040032864
CHEMBL27759,0,0.0035361347254365683
CHEMBL286494,0,0.010437631979584694
CHEMBL286738,0,0.006452756933867931
CHEMBL145,0,0.0003460198058746755
CHEMBL29292,0,0.006836842279881239
CHEMBL31965,0,0.008152064867317677
CHEMBL757,0,0.004178897012025118
CHEMBL31574,0,0.03017362579703331
CHEMBL286013,0,0.00037544197402894497
CHEMBL285123,0,0.0014674195554107428
CHEMBL284616,0,0.0002517612592782825
CHEMBL32479,0,0.0623057596385479
CHEMBL151,0,0.04579206556081772
CHEMBL431701,0,0.010013296268880367
CHEMBL34412,0,0.0004703623417299241
CHEMBL284092,0,0.0025754328817129135
CHEMBL38380,0,0.008239253424108028
CHEMBL34124,0,0.0136011503636837
CHEMBL290352,0,0.0018460582941770554
CHEMBL437472,0,0.0007141563110053539
CHEMBL39541,0,0.008130609057843685
CHEMBL816,0,0.0022866663057357073
CHEMBL288149,0,0.0031447054352611303
CHEMBL38943,0,0.005999189801514149
CHEMBL289228,0,0.01585361734032631
CHEMBL38434,0,0.002825821051374078
CHEMBL43185,0,0.0058645932003855705
CHEMBL288114,0,0.00022625741257797927
CHEMBL413376,0,0.00025314962840639055
CHEMBL41194,0,0.046919211745262146
CHEMBL39677,0,0.003115091472864151
CHEMBL41632,0,0.002213476924225688
CHEMBL837,0,0.0020056895446032286
CHEMBL438945,0,0.0004704500315710902
CHEMBL295316,0,0.008497937582433224
CHEMBL42442,0,0.03165407478809357
CHEMBL291278,0,0.0015290536684915423
CHEMBL44426,0,0.01142385695129633
CHEMBL43068,0,0.002261875895783305
CHEMBL858,0,0.0010601029498502612
CHEMBL43048,0,0.004419475328177214
CHEMBL295124,0,0.006396213546395302
CHEMBL46730,0,0.004288808908313513
CHEMBL46618,0,0.009154168888926506
CHEMBL297453,0,0.0012955323327332735
CHEMBL44752,0,0.012555373832583427
CHEMBL296468,0,0.0025547638069838285
CHEMBL295698,0,0.002037020167335868
CHEMBL49429,0,0.004492402542382479
CHEMBL297792,0,0.003816668875515461
CHEMBL49120,0,0.019952137023210526
CHEMBL48361,0,0.0028372961096465588
CHEMBL51085,0,0.0013267744798213243
CHEMBL48802,0,0.15343907475471497
CHEMBL431733,0,0.033320993185043335
CHEMBL301829,0,0.0004938160418532789
CHEMBL417016,0,0.0021161604672670364
CHEMBL440115,0,0.11362328380346298
CHEMBL51483,0,0.0024515886325389147
CHEMBL299155,0,0.0019325127359479666
CHEMBL51149,0,0.06865999847650528
CHEMBL54661,0,0.005307505838572979
CHEMBL301742,0,0.0014333771541714668
CHEMBL52609,0,0.0010877775494009256
CHEMBL300138,0,0.006357437931001186
CHEMBL55214,0,0.0014343992806971073
CHEMBL301523,0,0.006881674751639366
CHEMBL294029,0,0.00330956163816154
CHEMBL291962,0,0.001252522924914956
CHEMBL298817,0,0.004866601899266243
CHEMBL56337,0,0.008879744447767735
CHEMBL954,0,0.011680755764245987
CHEMBL59356,0,0.00803925096988678
CHEMBL292687,0,0.010780350305140018
CHEMBL60889,0,0.010095879435539246
CHEMBL61780,0,0.0069715483114123344
CHEMBL64130,0,0.005263692699372768
CHEMBL62381,0,0.0008808756829239428
CHEMBL67279,0,0.0001990751043194905
CHEMBL165,0,0.007603804115206003
CHEMBL68055,0,0.008017479442059994
CHEMBL304383,0,0.000654110626783222
CHEMBL304087,0,0.005963368806988001
CHEMBL305660,0,0.003093862906098366
CHEMBL308148,0,0.007864654064178467
CHEMBL1016,0,0.0034746492747217417
CHEMBL75133,0,0.008367027156054974
CHEMBL74415,0,0.018293490633368492
CHEMBL76222,0,0.0006951175164431334
CHEMBL75094,0,0.001576035050675273
CHEMBL74355,0,0.017280075699090958
CHEMBL77921,0,0.01597585901618004
CHEMBL77517,0,0.09479774534702301
CHEMBL76688,0,0.0017576662357896566
CHEMBL307429,0,0.0013316046679392457
CHEMBL77305,0,0.001927992096170783
CHEMBL406291,0,0.0003775394579861313
CHEMBL440498,0,0.0025752123910933733
CHEMBL82301,1,0.6795797944068909
CHEMBL311300,0,0.025760313495993614
CHEMBL310671,0,0.004270628560334444
CHEMBL84158,0,0.010229306295514107
CHEMBL82202,0,0.0007844577776268125
CHEMBL85164,0,0.0040074982680380344
CHEMBL85398,0,0.0015943280886858702
CHEMBL83626,0,0.010953020304441452
CHEMBL83527,0,0.012549794279038906
CHEMBL1062,0,0.0027296619955450296
CHEMBL87563,0,0.008470448665320873
CHEMBL1067,0,0.0030728811398148537
CHEMBL313006,0,0.003771822666749358
CHEMBL419667,0,0.034034375101327896
CHEMBL329123,0,0.0019475874723866582
CHEMBL88712,0,0.0156854335218668
CHEMBL91829,0,0.0054134223610162735
CHEMBL88153,0,0.003509907051920891
CHEMBL91397,0,0.008205326274037361
CHEMBL94657,0,0.0031445606146007776
CHEMBL95431,0,0.004848065786063671
CHEMBL321582,0,0.03460786119103432
CHEMBL95606,0,0.004053683485835791
CHEMBL100259,0,0.0017172553343698382
CHEMBL319144,0,0.001614833134226501
CHEMBL101253,0,0.010093864053487778
CHEMBL103667,0,0.0024418483953922987
CHEMBL105442,0,0.0022778029087930918
CHEMBL105060,0,0.0038428998086601496
CHEMBL107367,0,0.0022571878507733345
CHEMBL107430,0,0.0018781260587275028
CHEMBL110094,0,0.011076295748353004
CHEMBL415324,0,0.012900917790830135
CHEMBL110739,0,0.0007296538096852601
CHEMBL109648,0,0.00650910334661603
CHEMBL113313,0,0.003344273427501321
CHEMBL109480,0,0.0007329041254706681
CHEMBL112797,0,0.0006069642258808017
CHEMBL114551,0,0.0014393712626770139
CHEMBL116438,0,0.017818855121731758
CHEMBL114283,0,0.003597065107896924
CHEMBL435381,0,0.010977532714605331
CHEMBL325424,0,0.0018710677977651358
CHEMBL116943,0,0.0024595041759312153
CHEMBL119625,0,0.000592216441873461
CHEMBL119385,0,0.00668442714959383
CHEMBL118841,0,0.015644097700715065
CHEMBL332750,0,0.019592920318245888
CHEMBL126159,0,0.0039560310542583466
CHEMBL169,0,0.001026376849040389
CHEMBL122270,0,0.005663825199007988
CHEMBL124660,0,0.03872075304389
CHEMBL338604,0,0.0062237991951406
CHEMBL123558,0,0.02140752784907818
CHEMBL127592,0,0.005144360475242138
CHEMBL129482,0,0.003664707764983177
CHEMBL129857,0,0.02329375222325325
CHEMBL334830,0,0.002487054793164134
CHEMBL263198,0,0.015596512705087662
CHEMBL134561,0,0.037795186042785645
CHEMBL435191,0,0.002383217681199312
CHEMBL424278,0,0.0012188153341412544
CHEMBL435224,0,0.02415967360138893
CHEMBL142652,0,0.004277881700545549
CHEMBL358850,0,0.00021537079010158777
CHEMBL142635,0,0.009497351013123989
CHEMBL262747,0,0.0001623085408937186
CHEMBL147806,0,0.010612853802740574
CHEMBL146032,0,0.001814151182770729
CHEMBL1267,0,0.04586018994450569
CHEMBL146624,0,0.08836879581212997
CHEMBL149082,0,0.0012423930456861854
CHEMBL424133,0,0.0023734301794320345
CHEMBL148674,0,0.0012309948215261102
CHEMBL346631,0,0.004716161638498306
CHEMBL150894,0,0.004140180069953203
CHEMBL356388,0,0.004983033053576946
CHEMBL153479,0,0.009582456201314926
CHEMBL152067,0,0.012323876842856407
CHEMBL350775,0,0.005412439350038767
CHEMBL348475,0,0.004175142385065556
CHEMBL353581,0,0.0046499078162014484
CHEMBL351706,0,0.003084238851442933
CHEMBL164660,0,0.004281445872038603
CHEMBL169896,0,0.00029741637990809977
CHEMBL355200,0,0.0033706692047417164
CHEMBL172513,0,0.000191935570910573
CHEMBL171679,0,0.004142614547163248
CHEMBL368347,0,0.022499224171042442
CHEMBL178654,0,0.005917595233768225
CHEMBL361812,0,0.002684921957552433
CHEMBL180570,0,9.390174818690866e-05
CHEMBL180101,0,0.012706606648862362
CHEMBL367149,0,0.005514632444828749
CHEMBL181954,0,0.006251731421798468
CHEMBL182066,0,0.0032890846487134695
CHEMBL186141,0,0.0007532602758146822
CHEMBL359965,0,0.002093425951898098
CHEMBL364804,0,0.021081997081637383
CHEMBL362558,0,0.0010882102651521564
CHEMBL186113,0,0.004168474581092596
CHEMBL186179,0,0.00407980615273118
CHEMBL184618,0,0.006065373308956623
CHEMBL184238,0,0.008640284650027752
CHEMBL450940,0,0.017335807904601097
CHEMBL191413,0,0.06620258837938309
CHEMBL190083,0,0.009815279394388199
CHEMBL435298,0,0.009815279394388199
CHEMBL427526,0,0.059678006917238235
CHEMBL191482,0,0.01076860073953867
CHEMBL190333,0,0.0018837011884897947
CHEMBL408350,0,0.0003648082201834768
CHEMBL190044,0,0.021376293152570724
CHEMBL363387,0,0.003180275671184063
CHEMBL195560,0,0.0060959989205002785
CHEMBL372205,0,0.0047833784483373165
CHEMBL371405,0,0.0025321419816464186
CHEMBL197194,0,0.01236772257834673
CHEMBL363648,0,0.004729473497718573
CHEMBL372764,0,0.0025200131349265575
CHEMBL197672,0,0.002393615897744894
CHEMBL197669,0,0.024303270503878593
CHEMBL383824,0,0.0005581909790635109
CHEMBL382277,0,0.004150546155869961
CHEMBL371064,0,0.002118456643074751
CHEMBL219410,0,0.0014980677515268326
CHEMBL200102,0,0.03402417525649071
CHEMBL203665,0,0.004264436196535826
CHEMBL203567,0,0.003726758062839508
CHEMBL383322,0,0.007270689122378826
CHEMBL206834,0,0.005106679629534483
CHEMBL206815,0,0.0016297455877065659
CHEMBL377300,0,0.015448256395757198
CHEMBL206468,0,0.0012818187242373824
CHEMBL463763,0,0.0009532260592095554
CHEMBL206031,0,0.0020255588460713625
CHEMBL207197,0,0.006935270968824625
CHEMBL209821,0,0.0016703628934919834
CHEMBL207433,0,0.003152498509734869
CHEMBL441687,0,0.000304710294585675
CHEMBL168640,0,0.004930493421852589
CHEMBL212432,0,0.005509799346327782
CHEMBL214268,0,0.006552772596478462
CHEMBL377559,0,0.0013477113097906113
CHEMBL436774,0,0.0026670482475310564
CHEMBL218291,0,0.0014793869340792298
CHEMBL217092,0,0.006415856070816517
CHEMBL415049,0,0.005888675805181265
CHEMBL219568,0,0.006411195266991854
CHEMBL216981,0,0.01241674367338419
CHEMBL220360,0,0.005528053268790245
CHEMBL219046,0,0.006662111729383469
CHEMBL217899,0,0.032553885132074356
CHEMBL376408,0,0.0060524544678628445
CHEMBL220808,0,0.0051599242724478245
CHEMBL218166,0,0.002591836964711547
CHEMBL426559,0,0.00650973804295063
CHEMBL376756,0,0.0004688495537266135
CHEMBL222460,0,0.0034534414298832417
CHEMBL220050,0,0.01087339036166668
CHEMBL223360,0,0.009546811692416668
CHEMBL375492,0,0.022856509312987328
CHEMBL376180,0,0.000798391702119261
CHEMBL225157,0,0.004097183234989643
CHEMBL389433,0,0.008282102644443512
CHEMBL225304,0,0.002001863904297352
CHEMBL226335,0,0.004658489488065243
CHEMBL225411,0,0.00637774495407939
CHEMBL226267,0,0.004913643002510071
CHEMBL226345,0,0.005216984543949366
CHEMBL229430,0,0.00483153248205781
CHEMBL231616,0,0.022129084914922714
CHEMBL228814,0,0.015088614076375961
CHEMBL245019,0,0.003240337362512946
CHEMBL230006,0,0.0011559167178347707
CHEMBL230011,0,0.007427504751831293
CHEMBL242341,0,0.08939964324235916
CHEMBL232202,0,0.003146438393741846
CHEMBL410414,0,0.0014660060405731201
CHEMBL232943,0,0.06576794385910034
CHEMBL235191,0,0.018943049013614655
CHEMBL267225,0,0.0010908268159255385
CHEMBL235363,0,0.00019682099809870124
CHEMBL392149,0,0.0028575840406119823
CHEMBL236593,0,0.0020425869151949883
CHEMBL398110,0,0.0035040760412812233
CHEMBL240163,0,0.004797128960490227
CHEMBL427683,0,0.012932872399687767
CHEMBL392158,0,0.00332837481983006
CHEMBL241694,0,0.008143932558596134
CHEMBL239800,0,0.011762196198105812
CHEMBL240624,0,0.004446215461939573
CHEMBL397647,0,0.02901764027774334
CHEMBL246600,0,0.011474750004708767
CHEMBL399510,0,0.009604284539818764
CHEMBL255044,0,0.011652604676783085
CHEMBL399910,0,0.008221030235290527
CHEMBL398338,0,0.00766894081607461
CHEMBL252164,0,0.006682028062641621
CHEMBL250450,0,0.005327008198946714
CHEMBL1516,0,0.0016817277064546943
CHEMBL253978,0,0.0027603537309914827
CHEMBL253896,0,0.047339651733636856
CHEMBL429844,0,0.0024951512459665537
CHEMBL253969,0,0.004557028412818909
CHEMBL255231,0,0.011251226998865604
CHEMBL256147,0,0.0012295065680518746
CHEMBL406050,0,0.48207399249076843
CHEMBL259084,0,0.010171376168727875
CHEMBL262344,0,0.0035665128380060196
CHEMBL408194,0,0.15115857124328613
CHEMBL260046,0,0.0010791235836222768
CHEMBL412262,0,0.005574527196586132
CHEMBL406381,0,0.007893198169767857
CHEMBL258805,0,0.014301367104053497
CHEMBL258940,0,0.007549352012574673
CHEMBL267431,0,0.017653441056609154
CHEMBL405130,0,0.011536487378180027
CHEMBL259223,0,0.0752224326133728
CHEMBL1543,0,0.003763664746657014
CHEMBL429876,0,0.012027619406580925
CHEMBL261244,0,0.0019471370615065098
CHEMBL271475,0,0.0023197135888040066
CHEMBL437027,0,0.00034584946115501225
CHEMBL272980,0,0.002783204196020961
CHEMBL572878,0,0.006695054471492767
CHEMBL402548,0,0.0015518501168116927
CHEMBL270362,0,0.008987514302134514
CHEMBL271220,0,0.011941947974264622
CHEMBL429736,0,0.008401135914027691
CHEMBL270271,0,0.06556686013936996
CHEMBL407874,0,0.0070614744909107685
CHEMBL411907,0,0.0007085067336447537
CHEMBL270515,0,0.00014164535969030112
CHEMBL403989,0,0.00599331222474575
CHEMBL405821,0,0.008659514598548412
CHEMBL411070,0,0.00029281899333000183
CHEMBL412272,0,0.00043040464515797794
CHEMBL408701,0,0.0038849578704684973
CHEMBL487182,0,0.02531806007027626
CHEMBL449317,0,0.0022015832364559174
CHEMBL486208,0,0.0008863579132594168
CHEMBL473659,0,0.0006004079477861524
CHEMBL460026,0,0.0032860564533621073
CHEMBL469449,0,0.0005047303275205195
CHEMBL520733,0,0.007118920795619488
CHEMBL507974,0,0.00313247786834836
CHEMBL511099,0,0.006644750013947487
CHEMBL511115,0,0.007640203461050987
CHEMBL452076,0,0.0024778766091912985
CHEMBL488025,0,0.009059907868504524
CHEMBL488436,0,0.01344439759850502
CHEMBL507361,0,0.0023662419989705086
CHEMBL1575,0,0.0015897230478003621
CHEMBL521589,0,0.0030858947429805994
CHEMBL1586,0,0.0009922084864228964
CHEMBL452861,0,0.02652311883866787
CHEMBL517140,0,0.02587180584669113
CHEMBL489095,0,0.010463145561516285
CHEMBL490672,0,0.00947534665465355
CHEMBL455136,0,0.0032477891072630882
CHEMBL454138,0,0.0026697805151343346
CHEMBL460702,0,0.008178427815437317
CHEMBL491473,0,0.0263635516166687
CHEMBL506981,0,0.003822562051936984
CHEMBL513994,0,0.006841165479272604
CHEMBL515387,0,0.007304178085178137
CHEMBL475251,0,0.009978896006941795
CHEMBL522302,0,0.003807110246270895
CHEMBL522987,0,0.0046040816232562065
CHEMBL502620,0,0.009625761769711971
CHEMBL494089,0,0.009604684077203274
CHEMBL494480,0,0.005813402123749256
CHEMBL521851,0,0.0076318783685564995
CHEMBL459505,0,0.005932115018367767
CHEMBL481611,0,0.001662521157413721
CHEMBL473841,0,0.0016505637904629111
CHEMBL492399,0,0.029865968972444534
CHEMBL467888,0,0.004644029773771763
CHEMBL444478,0,0.0028818070422858
CHEMBL446785,0,0.0005105019081383944
CHEMBL482811,0,0.006338315084576607
CHEMBL500468,0,0.0002482059644535184
CHEMBL496102,0,0.0057854908518493176
CHEMBL468154,0,0.00013238994870334864
CHEMBL476323,0,0.009684290736913681
CHEMBL476960,0,0.00020503388077486306
CHEMBL478858,0,0.002561083994805813
CHEMBL513909,0,0.0050908406265079975
CHEMBL505147,0,0.011677557602524757
CHEMBL496748,0,0.0021424905862659216
CHEMBL495727,0,0.0013485464733093977
CHEMBL506871,0,0.015168028883635998
CHEMBL522892,0,0.001637990353628993
CHEMBL456029,0,0.00016433457494713366
CHEMBL467399,0,0.009360368363559246
CHEMBL514201,0,0.0057645682245492935
CHEMBL483465,0,0.004393965005874634
CHEMBL490029,0,0.002886927919462323
CHEMBL508583,0,0.007591928355395794
CHEMBL496634,0,0.0030815175268799067
CHEMBL465183,0,0.0031379801221191883
CHEMBL464792,0,0.0022032870911061764
CHEMBL540445,0,0.0019871233962476254
CHEMBL443684,0,0.00348899164237082
CHEMBL518924,0,0.007965830154716969
CHEMBL445472,0,0.0024568908847868443
CHEMBL483321,0,0.012915389612317085
CHEMBL498485,0,0.08039829879999161
CHEMBL498672,0,0.003032123204320669
CHEMBL445813,0,0.007607301697134972
CHEMBL485629,0,0.000731156615074724
CHEMBL501259,0,0.000718460010830313
CHEMBL463981,0,0.00920362863689661
CHEMBL456237,0,0.016224069520831108
CHEMBL479527,0,0.011722433380782604
CHEMBL517427,0,0.006775094661861658
CHEMBL447955,0,0.02148669771850109
CHEMBL483158,0,0.008936180733144283
CHEMBL482967,0,0.023220013827085495
CHEMBL482968,0,0.0062599340453743935
CHEMBL482950,0,0.09458772093057632
CHEMBL519504,0,0.017322037369012833
CHEMBL471036,0,0.004550021141767502
CHEMBL497939,0,0.007050022482872009
CHEMBL545315,0,0.008620036765933037
CHEMBL536971,0,0.000938079843763262
CHEMBL541388,0,0.0069476100616157055
CHEMBL538867,0,0.007344304118305445
CHEMBL561057,0,0.0074425265192985535
CHEMBL559478,0,0.006458500400185585
CHEMBL562668,0,0.0171461533755064
CHEMBL562318,0,0.005469539202749729
CHEMBL561132,0,0.004282272886484861
CHEMBL561339,0,0.0035880221985280514
CHEMBL561371,0,0.0031687449663877487
CHEMBL560993,0,0.015099317766726017
CHEMBL564829,0,0.0018001238349825144
CHEMBL551813,0,0.007335531059652567
CHEMBL551064,0,0.006192148197442293
CHEMBL541758,0,0.009474546648561954
CHEMBL550961,0,0.002680576406419277
CHEMBL551978,0,0.021732168272137642
CHEMBL563251,0,0.002698809839785099
CHEMBL553204,0,0.0389760360121727
CHEMBL574737,0,0.009598580189049244
CHEMBL572881,0,0.003846839303150773
CHEMBL574738,0,0.0029622414149343967
CHEMBL558752,0,0.002234864281490445
CHEMBL575448,0,0.00603847112506628
CHEMBL583912,0,0.003106296295300126
CHEMBL591429,0,0.002362997969612479
CHEMBL576982,0,0.002145982114598155
CHEMBL575060,0,0.0026515875943005085
CHEMBL566757,0,0.0028897253796458244
CHEMBL571948,0,0.02004227042198181
CHEMBL570015,0,0.009698212146759033
CHEMBL585902,0,0.005652302410453558
CHEMBL577294,0,0.00023200518626254052
CHEMBL571209,0,0.0028948504477739334
CHEMBL578390,0,0.006689028814435005
CHEMBL578211,0,0.013316135853528976
CHEMBL567303,0,0.0013668322935700417
CHEMBL565612,0,0.0024848247412592173
CHEMBL587723,0,0.011500085704028606
CHEMBL589390,0,0.012476080097258091
CHEMBL609583,0,0.001677307183854282
CHEMBL595573,0,0.004924601409584284
CHEMBL592374,0,0.017658013850450516
CHEMBL592445,0,0.007417530752718449
CHEMBL597800,0,0.010924305766820908
CHEMBL603469,0,0.0037184038665145636
CHEMBL591501,0,0.004591112956404686
CHEMBL590799,0,0.0040074982680380344
CHEMBL591118,0,0.0022073015570640564
CHEMBL599552,0,0.020274709910154343
CHEMBL602070,0,0.009566476568579674
CHEMBL604710,0,0.0008642952307127416
CHEMBL598797,0,0.002649263245984912
CHEMBL607707,0,0.014563036151230335
CHEMBL607023,0,0.0006577902822755277
CHEMBL1076211,0,0.013191252015531063
CHEMBL1079593,0,0.0024591684341430664
CHEMBL1086997,0,0.0007066947873681784
CHEMBL1079175,0,0.003220014739781618
CHEMBL1078178,0,0.004699857905507088
CHEMBL1090771,0,0.0037990205455571413
CHEMBL1090089,0,0.002230235142633319
CHEMBL1088750,0,0.00791266467422247
CHEMBL1088751,0,0.004996475297957659
CHEMBL1093059,0,0.0015786595176905394
CHEMBL1093458,0,0.004313139710575342
CHEMBL1090173,0,0.0022320877760648727
CHEMBL1090479,0,0.005962959490716457
CHEMBL1091644,0,0.002819345099851489
CHEMBL1096896,0,0.0010827513178810477
CHEMBL1096927,0,0.0016231895424425602
CHEMBL1096380,0,0.08327136933803558
CHEMBL1097999,0,0.0014079322572797537
CHEMBL1095032,0,0.0015407087048515677
CHEMBL1082723,0,0.005083646159619093
CHEMBL1085699,0,0.0022939960472285748
CHEMBL1083390,0,0.009277475997805595
CHEMBL1084546,0,0.0033007634337991476
CHEMBL1086218,0,0.00035667826887220144
CHEMBL1084617,0,0.03279075399041176
CHEMBL1082462,0,0.0008966389577835798
CHEMBL1160571,0,8.519623224856332e-05
CHEMBL1162144,0,0.00032469237339682877
CHEMBL1162175,0,0.0022302574943751097
CHEMBL1171754,0,0.010085396468639374
CHEMBL1173532,0,0.03751237317919731
CHEMBL1172928,0,0.006162347737699747
CHEMBL1195136,0,0.0029348067473620176
CHEMBL1197564,0,0.039220504462718964
CHEMBL1198855,0,0.0037096505984663963
CHEMBL1207607,0,0.0009459767607040703
CHEMBL1208829,0,0.0032074509654194117
CHEMBL1213327,0,0.0006607493269257247
CHEMBL1213492,0,0.00817165058106184
CHEMBL1213583,0,0.005297206807881594
CHEMBL1214827,0,0.0046110558323562145
CHEMBL1215923,0,0.0007010758272372186
CHEMBL1230065,0,0.0020354455336928368
CHEMBL1230122,0,0.0076162852346897125
CHEMBL1230165,0,0.008742131292819977
CHEMBL1230607,0,0.008462418802082539
CHEMBL1230609,0,0.002921462757512927
CHEMBL1230982,0,0.004922571592032909
CHEMBL1231124,0,0.008806200698018074
CHEMBL1231160,0,0.001678572385571897
CHEMBL1232461,0,0.015388791449368
CHEMBL1233058,0,0.0017295755678787827
CHEMBL1233524,0,0.011260953731834888
CHEMBL1233528,0,0.01395517960190773
CHEMBL1233584,0,0.0013696495443582535
CHEMBL1234354,0,0.004305385518819094
CHEMBL1236107,0,0.01631666161119938
CHEMBL1236282,0,0.008041270077228546
CHEMBL1236475,0,0.004921403713524342
CHEMBL1236924,0,0.01246910821646452
CHEMBL1236962,0,0.021685153245925903
CHEMBL1237212,0,0.0013769500656053424
CHEMBL1240967,0,0.002165174810215831
CHEMBL1241348,0,0.005255923606455326
CHEMBL1241855,0,0.0005662841140292585
CHEMBL1255901,0,0.008886750787496567
CHEMBL1256686,0,0.06243695691227913
CHEMBL1256723,0,0.0007212389609776437
CHEMBL1258006,0,0.005008202511817217
CHEMBL1258517,0,0.0025164687540382147
CHEMBL1269258,0,0.00529082864522934
CHEMBL1269597,0,0.0003609109262470156
CHEMBL1276127,0,0.010818581096827984
CHEMBL1276678,0,0.04694998264312744
CHEMBL1277072,0,0.0026378200855106115
CHEMBL1278146,0,0.003908311482518911
CHEMBL1407943,0,0.007389949169009924
CHEMBL1475252,0,0.020270882174372673
CHEMBL1512580,0,0.003062019357457757
CHEMBL1531134,0,0.008390064351260662
CHEMBL1568698,0,0.003260907018557191
CHEMBL1614710,0,0.0025011340621858835
CHEMBL1614713,0,0.003696126164868474
CHEMBL1614725,0,0.004657919052988291
CHEMBL1614766,0,0.0019314609235152602
CHEMBL1615025,0,0.005884936545044184
CHEMBL1628688,0,0.01837730035185814
CHEMBL1630578,0,0.00370881543494761
CHEMBL1631540,0,0.011733160354197025
CHEMBL1643880,0,0.003379114903509617
CHEMBL1645462,0,0.003730196040123701
CHEMBL1649931,0,0.2976369857788086
CHEMBL1650443,0,0.007040082477033138
CHEMBL1650595,0,0.003341110423207283
CHEMBL1651534,0,0.0037723819259554148
CHEMBL1651956,0,0.0005223345942795277
CHEMBL1668019,0,0.058915913105010986
CHEMBL1672002,0,0.014796935953199863
CHEMBL1672054,0,0.004496915265917778
CHEMBL1672627,0,0.0037300100084394217
CHEMBL1672635,0,0.015184369869530201
CHEMBL1672973,0,0.015903055667877197
CHEMBL1684950,0,0.004927242640405893
CHEMBL1684984,0,0.009493171237409115
CHEMBL1688243,0,0.011537129059433937
CHEMBL1705373,0,0.00366475828923285
CHEMBL1716983,0,0.0012806984595954418
CHEMBL1733174,0,0.010475050657987595
CHEMBL1738699,0,0.011056303977966309
CHEMBL1738757,0,0.0019228184828534722
CHEMBL1738758,0,0.0011839105281978846
CHEMBL1738889,0,0.0033206928055733442
CHEMBL1761322,0,0.00979304127395153
CHEMBL1762621,0,0.002093792660161853
CHEMBL1767164,0,0.008970693685114384
CHEMBL1770916,0,0.005439829546958208
CHEMBL1773683,0,0.020498398691415787
CHEMBL1779046,0,0.004248472396284342
CHEMBL1779710,0,0.005027235485613346
CHEMBL1790006,0,0.04408113658428192
CHEMBL1800807,0,0.03232398256659508
CHEMBL1800955,0,0.0017762563657015562
CHEMBL1801204,0,0.011706252582371235
CHEMBL1801250,0,0.002439917530864477
CHEMBL1808388,0,0.005105196963995695
CHEMBL1818341,0,0.011039039120078087
CHEMBL1818442,0,0.024290094152092934
CHEMBL1822792,0,0.0050124600529670715
CHEMBL1823817,0,0.004404370207339525
CHEMBL1823872,0,0.0003452135424595326
CHEMBL1829174,0,0.005147048272192478
CHEMBL1829335,0,0.006407663691788912
CHEMBL1829433,0,0.02948145568370819
CHEMBL1835919,0,0.005954804830253124
CHEMBL1851943,0,0.01228555291891098
CHEMBL1852164,0,0.0005656791036017239
CHEMBL1879463,0,0.002333478070795536
CHEMBL1902981,0,0.027427347376942635
CHEMBL1905073,0,0.0871201828122139
CHEMBL1908394,0,0.0067240335047245026
CHEMBL1908397,0,0.004175126552581787
CHEMBL1909452,0,0.005940641276538372
CHEMBL1910936,1,0.978202760219574
CHEMBL1911882,0,0.034160055220127106
CHEMBL1915540,0,0.019521355628967285
CHEMBL1914489,0,0.013607426546514034
CHEMBL1921976,0,0.00438033789396286
CHEMBL1922094,0,0.008702609688043594
CHEMBL1922235,0,0.010205783881247044
CHEMBL1922660,0,0.007232202682644129
CHEMBL1923234,0,0.008973068557679653
CHEMBL1923502,0,0.0030371190514415503
CHEMBL1928262,0,0.025998765602707863
CHEMBL1929396,0,0.001827981206588447
CHEMBL1933349,0,0.0058660004287958145
CHEMBL1938400,0,0.0018714499892666936
CHEMBL1938870,0,0.002444776240736246
CHEMBL1944698,0,0.005305927712470293
CHEMBL1946618,0,0.007053672336041927
CHEMBL1950289,0,0.002971912734210491
CHEMBL1951032,0,0.011529062874615192
CHEMBL1951143,0,0.07795026898384094
CHEMBL1951575,0,0.0031884356867522
CHEMBL1951914,0,0.010152358561754227
CHEMBL1952329,0,0.005603852216154337
CHEMBL1956285,0,0.010413020849227905
CHEMBL1969664,0,0.022243263199925423
CHEMBL1976040,0,0.0015848156763240695
CHEMBL1980297,0,0.00288341729901731
CHEMBL1980391,0,0.021360283717513084
CHEMBL2001019,0,0.004718420561403036
CHEMBL2010872,0,0.008656661957502365
CHEMBL2013174,0,0.004889844451099634
CHEMBL2017179,0,0.01207874994724989
CHEMBL2017974,0,0.004152168519794941
CHEMBL2018096,0,0.0026852742303162813
CHEMBL2019090,0,0.0035855439491569996
CHEMBL2022968,0,0.005420047324150801
CHEMBL2028665,0,0.00928136333823204
CHEMBL2029988,0,0.003554781898856163
CHEMBL2031465,0,0.0023278999142348766
CHEMBL2035187,0,0.02079705521464348
CHEMBL2035460,0,0.0005655122804455459
CHEMBL2036958,0,0.024092312902212143
CHEMBL2037511,0,0.01156479213386774
CHEMBL2041933,0,0.005889948923140764
CHEMBL2041980,0,0.010364296846091747
CHEMBL2051955,0,0.03804996982216835
CHEMBL2057301,0,0.0029882180970162153
CHEMBL2058833,0,0.004745082929730415
CHEMBL2059028,0,0.0026065052952617407
CHEMBL2063869,0,0.024288235232234
CHEMBL2068971,0,0.0031288794707506895
CHEMBL2074689,0,0.003918367438018322
CHEMBL2079588,0,0.005015245173126459
CHEMBL2087361,0,0.015384824946522713
CHEMBL2093999,0,0.016266927123069763
CHEMBL2103828,0,0.022342057898640633
CHEMBL2103840,0,0.0018705406691879034
CHEMBL2103842,0,0.011184663511812687
CHEMBL2103847,0,0.0007938009803183377
CHEMBL2103851,0,0.0032487402204424143
CHEMBL2103856,0,0.006810334045439959
CHEMBL2103863,0,0.002421376761049032
CHEMBL2103879,0,0.005566392093896866
CHEMBL2103881,0,0.002326306654140353
CHEMBL2103884,0,0.004183282610028982
CHEMBL2104970,1,0.9796508550643921
CHEMBL2105617,0,0.0016014567809179425
CHEMBL2105661,0,0.006763812620192766
CHEMBL2105671,0,0.0007625115104019642
CHEMBL2105686,0,0.01999249868094921
CHEMBL2105699,0,0.007066989783197641
CHEMBL2105705,0,0.002841501496732235
CHEMBL2105709,0,0.0021871388889849186
CHEMBL2105728,0,0.03173639625310898
CHEMBL2105734,0,0.0013520567445084453
CHEMBL2105738,0,0.004422476515173912
CHEMBL2105762,0,0.004420281387865543
CHEMBL2105763,0,0.0028091403655707836
CHEMBL2107358,0,0.085088349878788
CHEMBL2107383,0,0.022944727912545204
CHEMBL2107455,1,0.8188892602920532
CHEMBL2107771,0,0.004238653928041458
CHEMBL2107786,0,0.00918323639780283
CHEMBL2107822,0,0.008603622205555439
CHEMBL2107832,0,0.0031010762322694063
CHEMBL2110727,0,0.016264013946056366
CHEMBL2110731,0,0.005650986917316914
CHEMBL2111110,0,0.009449804201722145
CHEMBL2133806,0,0.00655567878857255
CHEMBL2140408,0,0.005932764615863562
CHEMBL2142592,0,0.004593401215970516
CHEMBL2147777,0,0.0017796532483771443
CHEMBL2151572,0,0.008225160650908947
CHEMBL2152712,0,0.05131123587489128
CHEMBL2153191,0,0.0019521936774253845
CHEMBL2158051,0,0.006212654523551464
CHEMBL2158685,0,0.0036350227892398834
CHEMBL2165191,0,0.009379727765917778
CHEMBL2165326,0,0.008666402660310268
CHEMBL2177390,0,0.004539369139820337
CHEMBL2177913,0,0.006031043827533722
CHEMBL2178573,1,0.5099509954452515
CHEMBL2178578,0,0.3663875162601471
CHEMBL2178579,0,0.04942619800567627
CHEMBL2179105,0,0.002606902038678527
CHEMBL2180602,0,0.004449245519936085
CHEMBL2180604,0,0.004144344013184309
CHEMBL2181753,0,0.03828178718686104
CHEMBL2181776,0,0.0020931093022227287
CHEMBL2204263,0,0.016016103327274323
CHEMBL2219422,0,0.006110586225986481
CHEMBL2220486,0,0.03497795760631561
CHEMBL2263632,0,0.017214534804224968
CHEMBL2316582,0,0.003338554874062538
CHEMBL2323775,0,0.003503266954794526
CHEMBL2325429,0,0.012632192112505436
CHEMBL2325741,0,0.0019327603513374925
CHEMBL2326966,0,0.0057944199070334435
CHEMBL2331680,0,0.0032901791855692863
CHEMBL2333941,0,0.013626166619360447
CHEMBL2336325,0,0.013885628432035446
CHEMBL2338329,0,0.002957116812467575
CHEMBL2338801,0,0.008929063566029072
CHEMBL2346738,0,0.011448164470493793
CHEMBL2346976,0,0.0020801606588065624
CHEMBL2347655,0,0.0067055560648441315
CHEMBL2348292,0,0.0023301534820348024
CHEMBL2364611,0,0.012875214219093323
CHEMBL2364614,0,0.00836967770010233
CHEMBL2364618,0,0.005411633290350437
CHEMBL2364624,0,0.008765343576669693
CHEMBL2364628,0,0.0015468952478840947
CHEMBL2381408,0,0.012409313581883907
CHEMBL2386081,0,0.0011139112757518888
CHEMBL2386346,0,0.004137244075536728
CHEMBL2386558,0,0.010408819653093815
CHEMBL2386889,0,0.0056387074291706085
CHEMBL2387080,0,0.01453255396336317
CHEMBL2387408,0,0.0026407635305076838
CHEMBL2387541,0,0.004991272464394569
CHEMBL2387742,0,0.004026354290544987
CHEMBL2391146,0,0.02671630121767521
CHEMBL2392545,0,0.00457605067640543
CHEMBL2393130,0,0.00991800520569086
CHEMBL2396989,0,0.0021746514830738306
CHEMBL2397415,0,0.0021557966247200966
CHEMBL2397450,0,0.0013548092683777213
CHEMBL2402737,0,0.0026136368978768587
CHEMBL2408045,0,0.005055043380707502
CHEMBL2419346,0,0.015585066750645638
CHEMBL2431768,0,0.010795754380524158
CHEMBL2442750,0,0.005601777229458094
CHEMBL3039498,0,0.004559473600238562
CHEMBL3039513,0,0.004184709396213293
CHEMBL3039517,0,0.0028481376357376575
CHEMBL3039522,0,0.004663579631596804
CHEMBL3039525,0,0.003023761324584484
CHEMBL3039529,0,0.005336055997759104
CHEMBL3039531,0,0.05281379818916321
CHEMBL3087515,0,0.003451384138315916
CHEMBL3092562,0,0.013685736805200577
CHEMBL3092995,0,0.06501958519220352
CHEMBL3109802,0,0.009874477982521057
CHEMBL3113165,0,0.01725686714053154
CHEMBL3113734,0,0.0025468827225267887
CHEMBL3113974,0,0.010906205512583256
CHEMBL3115681,0,0.004245520103722811
CHEMBL3125702,0,0.012753513641655445
CHEMBL3126832,0,0.001134434249252081
CHEMBL3126842,0,0.012995205819606781
CHEMBL3128043,0,0.004127453546971083
CHEMBL3133037,0,0.0021749164443463087
CHEMBL3137304,0,0.0009821263374760747
CHEMBL3137308,0,0.0033322337549179792
CHEMBL3137316,0,0.0010889444965869188
CHEMBL3137331,0,0.0029392107389867306
CHEMBL3137332,0,0.015702102333307266
CHEMBL3137336,0,0.025901716202497482
CHEMBL3188386,0,0.0023552600760012865
CHEMBL3188551,0,0.00531347282230854
CHEMBL3215298,0,0.0005848374566994607
CHEMBL3218578,0,0.015739643946290016
CHEMBL3219124,0,0.002499097026884556
CHEMBL3219616,0,0.0019167792052030563
CHEMBL3259907,0,0.0059144459664821625
CHEMBL3260567,0,0.003142810659483075
CHEMBL3261331,0,0.06169698387384415
CHEMBL3265032,0,0.0027734977193176746
CHEMBL3286797,0,0.007496476173400879
CHEMBL3287218,0,0.017523154616355896
CHEMBL3287255,0,0.0021032248623669147
CHEMBL3287379,0,0.010373926721513271
CHEMBL3287735,0,0.008823418989777565
CHEMBL3298910,0,0.0018159749452024698
CHEMBL3301601,0,0.0017572080250829458
CHEMBL3301604,0,0.003923727199435234
CHEMBL3301606,0,0.014425132423639297
CHEMBL3301620,0,0.008060863241553307
CHEMBL3301625,0,0.0035183008294552565
CHEMBL3301626,0,0.020661888644099236
CHEMBL3311228,0,0.0038219718262553215
CHEMBL3314565,0,0.006110528018325567
CHEMBL3317856,0,0.01630069687962532
CHEMBL3319236,0,0.00541286775842309
CHEMBL3330226,0,0.005851367022842169
CHEMBL3334567,0,0.005151919089257717
CHEMBL3334624,0,0.0027576906140893698
CHEMBL3334824,0,0.045045819133520126
CHEMBL3337527,0,0.02013017050921917
CHEMBL3338194,0,0.029794735834002495
CHEMBL3338866,0,0.0065943337976932526
CHEMBL3348861,0,0.004905403591692448
CHEMBL3353541,0,0.0030163144692778587
CHEMBL3355009,0,0.00719505175948143
CHEMBL3356433,0,0.011556160636246204
CHEMBL3358920,0,0.002860882319509983
CHEMBL3358954,0,0.006975709460675716
CHEMBL3359265,0,0.002524015959352255
CHEMBL3360203,0,0.01898341253399849
CHEMBL3407547,0,0.0018370958277955651
CHEMBL3408947,0,0.006819703616201878
CHEMBL3414626,0,0.01088210754096508
CHEMBL3416885,0,0.054821740835905075
CHEMBL3421729,0,0.00872455071657896
CHEMBL3426621,0,0.011655944399535656
CHEMBL3427435,0,0.0005774215678684413
CHEMBL3527000,0,0.002594724530354142
CHEMBL3544911,0,0.004732612520456314
CHEMBL3544913,0,0.002668068278580904
CHEMBL3544932,0,0.010856622830033302
CHEMBL3544960,0,0.006755488459020853
CHEMBL3544964,0,0.005485612899065018
CHEMBL3544983,0,0.046209897845983505
CHEMBL3545027,0,0.009494058787822723
CHEMBL3545036,0,0.01577429659664631
CHEMBL3545043,0,0.0046086618676781654
CHEMBL3545076,0,0.008316930383443832
CHEMBL3545083,0,0.006332125514745712
CHEMBL3545085,0,0.0025851400569081306
CHEMBL3545097,0,0.019306611269712448
CHEMBL3545108,0,0.0014488043962046504
CHEMBL3545154,0,0.009599840268492699
CHEMBL3545157,0,0.005985962226986885
CHEMBL3545215,0,0.0019488215912133455
CHEMBL3545233,0,0.009462001733481884
CHEMBL3545241,0,0.00885013211518526
CHEMBL3545307,0,0.0016441652551293373
CHEMBL3545308,0,0.003469582414254546
CHEMBL3545350,0,0.003982421476393938
CHEMBL3545365,0,0.002446507103741169
CHEMBL3545366,0,0.03563028201460838
CHEMBL3545369,0,0.0055161756463348866
CHEMBL3545413,0,0.002487570745870471
CHEMBL3545414,0,0.003358126152306795
CHEMBL3577885,0,0.0037646465934813023
CHEMBL3581647,0,0.006856095045804977
CHEMBL3581693,0,0.0036099571734666824
CHEMBL3586404,0,0.004196017049252987
CHEMBL3590106,0,0.005873705260455608
CHEMBL3597952,0,0.004588145762681961
CHEMBL3601398,0,0.012472514994442463
CHEMBL3601411,0,0.0027924692258238792
CHEMBL3608680,0,0.007061451207846403
CHEMBL3617964,0,0.04466205835342407
CHEMBL3621988,0,0.0073496075347065926
CHEMBL3622533,0,0.0036005531437695026
CHEMBL3622820,0,0.0029860909562557936
CHEMBL3623004,0,0.002110044239088893
CHEMBL3623290,0,0.009253891184926033
CHEMBL3633460,0,0.010529662482440472
CHEMBL3633802,0,0.003952519036829472
CHEMBL3643413,0,0.0022494036238640547
CHEMBL3644587,0,0.002464663004502654
CHEMBL3646221,0,0.001294372952543199
CHEMBL3647536,0,0.020003633573651314
CHEMBL3653256,0,0.01974833570420742
CHEMBL3655081,0,0.006939169950783253
CHEMBL3659477,0,0.00866630021482706
CHEMBL3661115,0,0.011510954238474369
CHEMBL3663929,0,0.004567913245409727
CHEMBL3666807,0,0.002229979494586587
CHEMBL3668014,0,0.006787829101085663
CHEMBL3669417,0,0.004972438793629408
CHEMBL3673452,0,0.013320816680788994
CHEMBL3674570,0,0.014615773223340511
CHEMBL3678076,0,0.004846835508942604
CHEMBL3678958,0,0.00680210767313838
CHEMBL3679680,0,0.0019948312547057867
CHEMBL3639788,0,0.0033158028963953257
CHEMBL3681949,0,0.00472258310765028
CHEMBL3682589,0,0.0010348024079576135
CHEMBL3686884,0,0.014372618868947029
CHEMBL3693786,0,0.002291836077347398
CHEMBL3695568,0,0.002362398896366358
CHEMBL3696475,0,0.006770899053663015
CHEMBL3701238,0,0.002856750041246414
CHEMBL3702854,0,0.0019186182180419564
CHEMBL3707218,0,0.003589517204090953
CHEMBL3707347,0,0.011174352839589119
CHEMBL3707392,0,0.008217163383960724
CHEMBL3707409,0,0.0029860909562557936
CHEMBL3716057,0,0.02128513716161251
CHEMBL3716552,0,0.0030680091585963964
CHEMBL3716365,0,0.011656668968498707
CHEMBL3746329,0,0.006622230634093285
CHEMBL3747513,0,0.002448374405503273
CHEMBL3780740,0,0.02179962769150734
CHEMBL3786098,0,0.002829004544764757
CHEMBL3786182,0,0.0015217382460832596
CHEMBL3787344,0,0.012503805570304394
CHEMBL3786343,0,0.003032185137271881
CHEMBL3786896,0,0.0026006423868238926
CHEMBL3793226,0,0.011683001182973385
CHEMBL3806158,0,0.012374142184853554
CHEMBL3809489,0,0.01131095364689827
CHEMBL3809901,0,0.0005180012085475028
CHEMBL3818875,0,0.005770901218056679
CHEMBL3828074,0,0.003775594523176551
CHEMBL3894518,0,0.0017300813924521208
CHEMBL3899477,0,0.006659732665866613
CHEMBL3900409,0,0.0049918098375201225
CHEMBL3900554,0,0.004029772710055113
CHEMBL3904602,0,0.004197736736387014
CHEMBL3905910,0,0.02794812247157097
CHEMBL3907479,0,0.012888535857200623
CHEMBL3911164,0,0.0053455219604074955
CHEMBL3916243,0,0.007208262104541063
CHEMBL3916717,0,0.005081367678940296
CHEMBL3916929,0,0.0025253561325371265
CHEMBL3920982,0,0.0027598694432526827
CHEMBL3928407,0,0.012472579255700111
CHEMBL3930624,0,0.0010055269813165069
CHEMBL3931971,0,0.001590762403793633
CHEMBL3935857,0,0.0031764053273946047
CHEMBL3939295,0,0.005512475501745939
CHEMBL3945728,0,0.005007769912481308
CHEMBL3950712,0,0.007859732955694199
CHEMBL3963485,0,0.0026200013235211372
CHEMBL3967849,0,0.02670685388147831
CHEMBL3969876,0,0.010905500501394272
CHEMBL3975308,0,0.005196524318307638
CHEMBL3977543,0,0.002190301427617669
CHEMBL3979920,0,0.0033719507046043873
CHEMBL3982690,0,0.004046257119625807
CHEMBL3982723,0,0.01810268685221672
CHEMBL3984425,0,0.0066989208571612835
CHEMBL3986824,0,0.0013413795968517661
CHEMBL3987016,0,0.009305479936301708
CHEMBL3989834,0,0.02335965633392334
CHEMBL3989870,0,0.040319379419088364
CHEMBL3989904,0,0.0017527512973174453
CHEMBL3989926,0,0.00515395775437355
CHEMBL3989927,0,0.004209841135889292
CHEMBL3989934,0,0.014147112146019936
CHEMBL3989941,0,0.00340267363935709
CHEMBL3989948,0,0.01356073934584856
CHEMBL3989951,0,0.0038572156336158514
CHEMBL3989967,0,0.008359809406101704
CHEMBL3989970,0,0.0029041655361652374
CHEMBL3990145,0,0.012432025745511055
CHEMBL3991932,0,0.001068927813321352
CHEMBL4059888,0,0.0025270129553973675
CHEMBL4060569,0,0.0032303680200129747
CHEMBL4065122,0,0.0015966905048117042
CHEMBL4068509,0,0.009851348586380482
CHEMBL4068611,0,0.0022439192980527878
CHEMBL4071161,0,0.0018662865040823817
CHEMBL4071864,0,0.0032591361086815596
CHEMBL4072756,0,0.046409882605075836
CHEMBL4072833,0,0.0015049701323732734
CHEMBL4073443,0,0.003519603284075856
CHEMBL4076837,0,0.0031097475439310074
CHEMBL4078100,0,0.012234692461788654
CHEMBL4078588,0,0.002117736032232642
CHEMBL4079239,0,0.007698440458625555
CHEMBL4080062,0,0.0034323837608098984
CHEMBL4080228,0,0.009040368720889091
CHEMBL4081711,0,0.010053683072328568
CHEMBL4084907,0,0.003026174381375313
CHEMBL4085457,0,0.005639587063342333
CHEMBL4086143,0,0.0033942628651857376
CHEMBL4086816,0,0.0008717219461686909
CHEMBL4091762,0,0.012735916301608086
CHEMBL4091801,0,0.006480082869529724
CHEMBL4093031,0,0.0022047667298465967
CHEMBL4094440,0,0.0045989686623215675
CHEMBL4098253,0,0.0019855003338307142
CHEMBL4105630,0,0.0046952757984399796
CHEMBL4110551,0,0.0016598972724750638
CHEMBL4112930,0,0.003142068162560463
CHEMBL4113131,0,0.020373910665512085
CHEMBL4116008,0,0.0012390646152198315
CHEMBL4163691,0,0.0038930652663111687
CHEMBL4167360,0,0.00810225959867239
CHEMBL4173974,0,0.023846875876188278
CHEMBL4175981,0,0.0027106611523777246
CHEMBL4204869,0,0.0018602126510813832
CHEMBL4205422,0,0.0029729611705988646
CHEMBL4206033,0,0.0068190996535122395
CHEMBL4206492,0,0.011428010649979115
CHEMBL4208229,0,0.004101438447833061
CHEMBL4209157,0,0.002486750716343522
CHEMBL4212531,0,0.005068015307188034
CHEMBL4217292,0,0.0034176670014858246
CHEMBL4218271,0,0.00019233475904911757
CHEMBL4225088,0,0.009448237717151642
CHEMBL4225966,0,0.006385845597833395
CHEMBL4227505,0,0.004621434491127729
CHEMBL4227736,0,0.005980550777167082
CHEMBL4228124,0,0.0013594487681984901
CHEMBL4228250,0,0.0003447519557084888
CHEMBL4249337,0,0.0019914100412279367
CHEMBL4250860,0,0.006191563792526722
CHEMBL4279047,0,0.012890380807220936
CHEMBL4279521,0,0.03440837562084198
CHEMBL4283683,0,0.006891184486448765
CHEMBL4285417,0,0.007350692059844732
CHEMBL4290141,0,0.005007960367947817
CHEMBL4292264,0,0.015788281336426735
CHEMBL4296717,0,0.012710950337350368
CHEMBL4296719,0,9.644668170949444e-05
CHEMBL4297183,0,0.07168735563755035
CHEMBL4297184,0,0.006668220739811659
CHEMBL4297224,0,0.0114246541634202
CHEMBL4297287,0,0.010430901311337948
CHEMBL4297299,0,0.004093635827302933
CHEMBL4297305,0,0.005805905442684889
CHEMBL4297317,0,0.01608365960419178
CHEMBL4297422,0,0.003057693364098668
CHEMBL4297454,0,0.003817338030785322
CHEMBL4297463,0,0.01100201066583395
CHEMBL4297468,0,0.0023842540103942156
CHEMBL4297488,0,0.007858524098992348
CHEMBL4297507,0,0.003298003925010562
CHEMBL4297520,0,0.016190137714147568
CHEMBL4297527,0,0.014874838292598724
CHEMBL4297584,0,0.005084695294499397
CHEMBL4297594,0,0.01630396954715252
CHEMBL4297604,0,0.004636009223759174
CHEMBL4297609,0,0.0013360623270273209
CHEMBL4297610,0,0.0307087991386652
CHEMBL4297615,0,0.0037289683241397142
CHEMBL4297625,0,0.003834615694358945
CHEMBL4297627,0,0.008241123519837856
CHEMBL4297635,0,0.05819956585764885
CHEMBL4297640,0,0.0006963105988688767
CHEMBL4297644,0,0.006921379826962948
CHEMBL4297648,0,0.0024135594721883535
CHEMBL4297666,0,0.005272415932267904
CHEMBL4297674,0,0.013349312357604504
CHEMBL4297865,0,0.004491711501032114
CHEMBL4298138,0,0.011411451734602451
CHEMBL4301600,0,0.0214596688747406
CHEMBL4303241,0,0.0031462081242352724
CHEMBL4303323,0,0.011392403393983841
CHEMBL4303404,0,0.015735795721411705
CHEMBL4303782,0,0.013350813649594784
CHEMBL4435170,0,0.004000443499535322
CHEMBL4439321,0,0.004179736599326134
CHEMBL4442620,0,0.0032856897450983524
CHEMBL4446378,0,0.11079045385122299
CHEMBL4456123,0,0.0022875715512782335
CHEMBL4457723,0,0.05261639878153801
CHEMBL4459585,0,0.00372503069229424
CHEMBL4462530,0,0.007950219325721264
CHEMBL4466233,0,0.002151635941118002
CHEMBL4471306,0,0.0012479221913963556
CHEMBL4514636,0,0.01086624339222908
CHEMBL4526356,0,0.00017442338867112994
CHEMBL4541964,0,0.005112241953611374
CHEMBL4558324,0,0.009957898408174515
CHEMBL4567446,0,0.0077572176232934
CHEMBL4577523,0,0.008233804255723953
CHEMBL4578881,0,0.005200864281505346
CHEMBL4583691,0,0.00415037851780653
CHEMBL4592045,0,0.025956368073821068
CHEMBL4594280,0,0.00014849967556074262
CHEMBL4594298,0,0.011366520076990128
CHEMBL4594348,0,0.007166452240198851
CHEMBL4594350,0,0.11610553413629532
CHEMBL4594419,0,0.08298536390066147
CHEMBL4594423,0,0.0027058483101427555
CHEMBL4594429,0,0.04295247420668602
CHEMBL4594432,0,0.004731846507638693
CHEMBL4594446,0,0.025991257280111313
CHEMBL4594448,0,0.006081573199480772
CHEMBL4634542,0,0.004391915164887905
CHEMBL4647810,0,0.0030503934249281883
CHEMBL4648616,0,0.003605620237067342
CHEMBL4649457,0,0.0036877391394227743
CHEMBL4650304,0,0.01633044332265854
CHEMBL4650316,0,0.0029925387352705
CHEMBL4650323,0,0.002765526296570897
CHEMBL4650334,0,0.0010145028354600072
CHEMBL4650360,0,0.003764335298910737
CHEMBL4650365,0,0.0035820482298731804
CHEMBL4650521,0,0.0072891260497272015
