drug_id,mean_proba_withdrawn,std_proba_withdrawn,fraction_seeds_predicted_withdrawn,majority_vote_prediction
CHEMBL6246,0.007317063701339066,0.004677965355952625,0.0,0
CHEMBL204021,0.010679694591090083,0.004232494340757252,0.0,0
CHEMBL6318,0.0047080594347789885,0.0018614754081605293,0.0,0
CHEMBL6731,0.005142810416873545,0.003680068402071188,0.0,0
CHEMBL269277,0.001098739670123905,0.00039635678385108083,0.0,0
CHEMBL7492,0.06515631536021829,0.054582975598923854,0.0,0
CHEMBL266497,0.0027895220322534443,0.0011877339915029712,0.0,0
CHEMBL39,0.005359487025998533,0.0021818852561596544,0.0,0
CHEMBL7568,0.016025107447057964,0.007909443914943791,0.0,0
CHEMBL44,0.030683013144880533,0.01746326242160006,0.0,0
CHEMBL7890,0.002352159476140514,0.0015116107576588298,0.0,0
CHEMBL266510,0.024621551111340522,0.013303061841144314,0.0,0
CHEMBL8145,0.014532267884351312,0.014923832458888,0.0,0
CHEMBL7983,0.014191020792350174,0.019826201737045305,0.0,0
CHEMBL8260,0.01190308160148561,0.004779704404605726,0.0,0
CHEMBL50,0.013917544297873974,0.00763426715158765,0.0,0
CHEMBL8659,0.005845553299877793,0.003702086575964844,0.0,0
CHEMBL267476,0.008001259551383555,0.006243553157148777,0.0,0
CHEMBL267044,0.0034305442473851143,0.0013312871841577518,0.0,0
CHEMBL8809,0.019264073204249145,0.011675145194882974,0.0,0
CHEMBL63,0.01854425175115466,0.012978571930904924,0.0,0
CHEMBL9194,0.022453770879656075,0.017806835919135823,0.0,0
CHEMBL9509,0.01643857411108911,0.008959840438520784,0.0,0
CHEMBL478,0.001786481193266809,0.0008212328741484555,0.0,0
CHEMBL484,0.001662258297437802,0.000862679553554991,0.0,0
CHEMBL489,0.006344986497424543,0.003848227731820186,0.0,0
CHEMBL10188,0.005894238571636378,0.0025531627262462397,0.0,0
CHEMBL10316,0.0036594722419977187,0.0015392297426391767,0.0,0
CHEMBL491,0.006092824158258736,0.003345275895096424,0.0,0
CHEMBL273264,0.00959503841586411,0.0060766664302310605,0.0,0
CHEMBL274070,0.0058578766183927655,0.0043481756067717085,0.0,0
CHEMBL273862,0.003120926988776773,0.0009597485994288952,0.0,0
CHEMBL11608,0.007564918091520667,0.00211673810715462,0.0,0
CHEMBL274323,0.004538290470372885,0.0032902597132430335,0.0,0
CHEMBL11298,0.001628645128221251,0.0011491400108261623,0.0,0
CHEMBL12089,0.008006180846132338,0.004751827607222625,0.0,0
CHEMBL11662,0.00804744913475588,0.0063352391106817766,0.0,0
CHEMBL12543,0.0022813746414612978,0.0011816052509330517,0.0,0
CHEMBL12318,0.001218602288281545,0.0011482880869002842,0.0,0
CHEMBL12208,0.009524747275281697,0.008551658432493225,0.0,0
CHEMBL267777,0.010312884603627026,0.004714054310450239,0.0,0
CHEMBL12948,0.03936987726483494,0.0945991837955438,0.0,0
CHEMBL96,0.0029435105796437712,0.002610869124101383,0.0,0
CHEMBL273453,0.0020443828776478767,0.0007534175063363432,0.0,0
CHEMBL99,0.007511557056568563,0.0039001274674654077,0.0,0
CHEMBL273481,0.0039805728185456244,0.0041179670233960405,0.0,0
CHEMBL13817,0.005122790031600743,0.0028359300473092676,0.0,0
CHEMBL276711,0.005549007875379175,0.0040878946838579094,0.0,0
CHEMBL274654,0.010210446757264435,0.007687055713348282,0.0,0
CHEMBL13960,0.0015894081414444372,0.0006393588467379492,0.0,0
CHEMBL14021,0.011370715452358127,0.02113826899860492,0.0,0
CHEMBL13766,0.00813638602849096,0.005540149667665286,0.0,0
CHEMBL441765,0.016944993939250707,0.007024090692101865,0.0,0
CHEMBL14762,0.013062789291143417,0.009451113628694023,0.0,0
CHEMBL14249,0.0018951693142298608,0.0009523645905867578,0.0,0
CHEMBL428690,0.010378543916158379,0.00821163009334543,0.0,0
CHEMBL14935,0.001486891694366932,0.0005266674205944514,0.0,0
CHEMBL15192,0.007843354740180076,0.005726940084462691,0.0,0
CHEMBL557,0.03570369016379118,0.01785876067611333,0.0,0
CHEMBL566,0.004329787264578044,0.0026254807487686165,0.0,0
CHEMBL574,0.021517513762228192,0.022091122478828037,0.0,0
CHEMBL576,0.0005111279220727738,0.00037934705659370735,0.0,0
CHEMBL16293,0.010571194696240127,0.006822436611641306,0.0,0
CHEMBL9113,0.019390222104266285,0.014082321639736519,0.0,0
CHEMBL275638,0.007458335161209107,0.003386571855208973,0.0,0
CHEMBL16503,0.009789728512987494,0.005770583717180579,0.0,0
CHEMBL17289,0.012319012265652417,0.0070924926320633415,0.0,0
CHEMBL17423,0.006068353704176843,0.0033921656547756794,0.0,0
CHEMBL17350,0.0050516772316768765,0.004212627837462047,0.0,0
CHEMBL17962,0.005139658681582659,0.0030365559321574856,0.0,0
CHEMBL19299,0.007873643143102526,0.003037638781623039,0.0,0
CHEMBL279785,0.002623645437415689,0.0030608262869894322,0.0,0
CHEMBL19449,0.015838701836764814,0.011447530722952518,0.0,0
CHEMBL428676,0.006640809040982276,0.004432004042227302,0.0,0
CHEMBL20684,0.04374867063015699,0.027739380062951575,0.0,0
CHEMBL214332,0.0006043263725587167,0.0003852432848529035,0.0,0
CHEMBL281594,0.005934014858212322,0.0034782335446723565,0.0,0
CHEMBL278315,0.003711941582150757,0.002349733557465002,0.0,0
CHEMBL21333,0.0036541282082907856,0.003271775915744153,0.0,0
CHEMBL22055,0.004382036381866783,0.0018640565882996328,0.0,0
CHEMBL21536,0.014245695061981678,0.005711488406428781,0.0,0
CHEMBL279014,0.02415847210213542,0.017505392555540646,0.0,0
CHEMBL627,0.009715945925563574,0.003395596714918762,0.0,0
CHEMBL281398,0.0062099127215333285,0.005586383873280311,0.0,0
CHEMBL440464,0.010069038392975927,0.006102564460880659,0.0,0
CHEMBL25336,0.005433241464197635,0.0035234429007389516,0.0,0
CHEMBL265502,0.0005189163464820012,0.0003383501136941571,0.0,0
CHEMBL279433,0.007823766814544797,0.0029123960578340477,0.0,0
CHEMBL23832,0.007308526989072561,0.004220308743854026,0.0,0
CHEMBL23393,0.000627131518558599,0.00041517808435074106,0.0,0
CHEMBL23293,0.00860813818871975,0.0033806744095814705,0.0,0
CHEMBL23261,0.004619341238867492,0.0027120280020004033,0.0,0
CHEMBL279229,0.002391116425860673,0.0011110393905939733,0.0,0
CHEMBL25202,0.01245568497106433,0.003835603553398884,0.0,0
CHEMBL281872,0.016941395495086907,0.009191065497450732,0.0,0
CHEMBL282686,0.007263574691023678,0.0038458343452389553,0.0,0
CHEMBL27769,0.004168655455578119,0.001511555257994273,0.0,0
CHEMBL26424,0.013725722394883632,0.009123828976172914,0.0,0
CHEMBL27759,0.0055840361630544065,0.00286086668690911,0.0,0
CHEMBL286494,0.012644595978781582,0.010104024616149497,0.0,0
CHEMBL286738,0.014578962745144964,0.009760725784577786,0.0,0
CHEMBL145,0.0023715384071692825,0.002117241976302093,0.0,0
CHEMBL29292,0.00498015598859638,0.0021826309584545176,0.0,0
CHEMBL31965,0.015545335225760936,0.008486936462812107,0.0,0
CHEMBL757,0.004819350852631033,0.0012951491969985876,0.0,0
CHEMBL31574,0.01297229747287929,0.007197965422063376,0.0,0
CHEMBL286013,0.002626100112684071,0.0015458977681061423,0.0,0
CHEMBL285123,0.001628645128221251,0.0011491400108261623,0.0,0
CHEMBL284616,0.0007932762091513723,0.0003979916499092073,0.0,0
CHEMBL32479,0.017784834816120566,0.016621376276716556,0.0,0
CHEMBL151,0.01901644761674106,0.010989609067263506,0.0,0
CHEMBL431701,0.01606576410122216,0.010388771581624927,0.0,0
CHEMBL34412,0.0017830361990490927,0.0012739880247273501,0.0,0
CHEMBL284092,0.002587285521440208,0.0011378158295524215,0.0,0
CHEMBL38380,0.005807243892922998,0.0016723932827093703,0.0,0
CHEMBL34124,0.009483279706910253,0.004688868872874533,0.0,0
CHEMBL290352,0.005023438157513738,0.002329384522835066,0.0,0
CHEMBL437472,0.0009088924605748616,0.0006066334274188694,0.0,0
CHEMBL39541,0.0057815145002678035,0.0015381673472007452,0.0,0
CHEMBL816,0.0030539741506800055,0.0012293223151362393,0.0,0
CHEMBL288149,0.00845525525510311,0.004821230415360828,0.0,0
CHEMBL38943,0.01504349485039711,0.013393878780037598,0.0,0
CHEMBL289228,0.008933586347848178,0.0039842441524072575,0.0,0
CHEMBL38434,0.009977661329321564,0.011161934841072974,0.0,0
CHEMBL43185,0.0092901517637074,0.004055212957167954,0.0,0
CHEMBL288114,0.0009391831714310684,0.0005415241306349402,0.0,0
CHEMBL413376,0.0006151970621431247,0.00047811337236882063,0.0,0
CHEMBL41194,0.021423523686826228,0.017027169411058366,0.0,0
CHEMBL39677,0.004262642411049455,0.0014364681439187333,0.0,0
CHEMBL41632,0.00669751048553735,0.004375749964732635,0.0,0
CHEMBL837,0.002467766555491835,0.0011903288232621265,0.0,0
CHEMBL438945,0.0030029169109184297,0.004645516310850177,0.0,0
CHEMBL295316,0.010948384297080338,0.01136672825255685,0.0,0
CHEMBL42442,0.0177828021813184,0.008239103581219041,0.0,0
CHEMBL291278,0.004458011774113401,0.00445946150479336,0.0,0
CHEMBL44426,0.014905752008780837,0.007985046864305219,0.0,0
CHEMBL43068,0.004009995947126299,0.0033929279231733893,0.0,0
CHEMBL858,0.0011684846627758815,0.0007574965361329625,0.0,0
CHEMBL43048,0.004721119301393628,0.0017863853419686382,0.0,0
CHEMBL295124,0.008606870763469488,0.005386563476848475,0.0,0
CHEMBL46730,0.005738351587206125,0.0027419991003072653,0.0,0
CHEMBL46618,0.008059847075492144,0.0028465841221991394,0.0,0
CHEMBL297453,0.0032405674923211337,0.0014815124697368403,0.0,0
CHEMBL44752,0.005595645098946988,0.003320361138342468,0.0,0
CHEMBL296468,0.008461850229650736,0.0086118567023571,0.0,0
CHEMBL295698,0.008285699295811355,0.003695938014597245,0.0,0
CHEMBL49429,0.008337980508804322,0.004525950255180971,0.0,0
CHEMBL297792,0.006522198766469955,0.004113709128867641,0.0,0
CHEMBL49120,0.01128153526224196,0.011184321856135557,0.0,0
CHEMBL48361,0.006430737441405654,0.0029324929429755064,0.0,0
CHEMBL51085,0.0006747201696271077,0.0003873411808618904,0.0,0
CHEMBL48802,0.6459447160363198,0.30875665711442246,0.6,1
CHEMBL431733,0.009711869840975851,0.010064827450384315,0.0,0
CHEMBL301829,0.0008329614298418164,0.0002820448445690175,0.0,0
CHEMBL417016,0.003308417508378625,0.008003889815608163,0.0,0
CHEMBL440115,0.14075263338163496,0.2426522697914346,0.1,0
CHEMBL51483,0.00943385697901249,0.008068614137397297,0.0,0
CHEMBL299155,0.0021822040784172715,0.0012913666373416898,0.0,0
CHEMBL51149,0.03977208901196718,0.02573327841310762,0.0,0
CHEMBL54661,0.0035802170052193103,0.0014289731151889658,0.0,0
CHEMBL301742,0.005159857019316405,0.00261176936808709,0.0,0
CHEMBL52609,0.001366322420653887,0.0007017117356181474,0.0,0
CHEMBL300138,0.006354402611032128,0.0028515775131161144,0.0,0
CHEMBL55214,0.0019932833034545182,0.0015003835346705744,0.0,0
CHEMBL301523,0.004391340503934771,0.0023782382288768025,0.0,0
CHEMBL294029,0.004255852627102286,0.0015536328950904296,0.0,0
CHEMBL291962,0.003852236905368045,0.003460927525933362,0.0,0
CHEMBL298817,0.0049788497970439495,0.002436719790750554,0.0,0
CHEMBL56337,0.005709063773974776,0.0024749308553447657,0.0,0
CHEMBL954,0.010516123799607157,0.007089929231718382,0.0,0
CHEMBL59356,0.019554189033806325,0.013223863141797809,0.0,0
CHEMBL292687,0.018918697163462637,0.017495225785359378,0.0,0
CHEMBL60889,0.021067557390779257,0.01808156786585674,0.0,0
CHEMBL61780,0.011249705287627875,0.007856876542075623,0.0,0
CHEMBL64130,0.0037168296985328197,0.0022638682774124568,0.0,0
CHEMBL62381,0.0012563992786454037,0.0014704780080027333,0.0,0
CHEMBL67279,0.0006853968014183919,0.0006227809652437595,0.0,0
CHEMBL165,0.015180020313709974,0.007984060296132273,0.0,0
CHEMBL68055,0.010026861005462706,0.004446576180031214,0.0,0
CHEMBL304383,0.0016021978197386488,0.001267649020842515,0.0,0
CHEMBL304087,0.006583776883780956,0.0025355060324791126,0.0,0
CHEMBL305660,0.0032961583230644463,0.0012419724901927766,0.0,0
CHEMBL308148,0.013339017471298575,0.01039474100714435,0.0,0
CHEMBL1016,0.005983386328443885,0.004280063657397741,0.0,0
CHEMBL75133,0.01177837369032204,0.00619590706260945,0.0,0
CHEMBL74415,0.020262878900393844,0.011219521109777319,0.0,0
CHEMBL76222,0.001260749896755442,0.000605791013157836,0.0,0
CHEMBL75094,0.004504272679332644,0.003282325743825028,0.0,0
CHEMBL74355,0.01581182684749365,0.009153138344951068,0.0,0
CHEMBL77921,0.014450077840592712,0.010118655052098469,0.0,0
CHEMBL77517,0.04358888082206249,0.031226883449638254,0.0,0
CHEMBL76688,0.004435757570900023,0.003956907237168751,0.0,0
CHEMBL307429,0.0012479460972826927,0.0007278558459367917,0.0,0
CHEMBL77305,0.0013306136184837668,0.0007899710158070708,0.0,0
CHEMBL406291,0.0004736426897579804,0.00024668853976011975,0.0,0
CHEMBL440498,0.007346638524904847,0.005405938038266236,0.0,0
CHEMBL82301,0.22442382099106908,0.27654452269093077,0.3,0
CHEMBL311300,0.011946282861754299,0.007458868434625205,0.0,0
CHEMBL310671,0.0018673026701435448,0.001318096914010005,0.0,0
CHEMBL84158,0.006187733286060393,0.0032976739267360725,0.0,0
CHEMBL82202,0.0014532338915159925,0.0008434082766479992,0.0,0
CHEMBL85164,0.005972869182005525,0.002915971027200134,0.0,0
CHEMBL85398,0.004031992435920983,0.0060917406456583,0.0,0
CHEMBL83626,0.007023020111955702,0.004360050600034295,0.0,0
CHEMBL83527,0.02032606052234769,0.012005147103111655,0.0,0
CHEMBL1062,0.00419842645060271,0.0015086012309235522,0.0,0
CHEMBL87563,0.007504777575377375,0.0038081963161793347,0.0,0
CHEMBL1067,0.00314798365579918,0.0022007008834523467,0.0,0
CHEMBL313006,0.0033391107339411975,0.0020151998035123487,0.0,0
CHEMBL419667,0.07723445855081082,0.17425410867257216,0.1,0
CHEMBL329123,0.003287648019613698,0.0020272308682469,0.0,0
CHEMBL88712,0.011554418643936516,0.0028158631838987947,0.0,0
CHEMBL91829,0.00681768391514197,0.004603359254836252,0.0,0
CHEMBL88153,0.005745638185180724,0.002726095095856401,0.0,0
CHEMBL91397,0.006991571770049632,0.0034376877218753486,0.0,0
CHEMBL94657,0.006422313139773905,0.003554071245987339,0.0,0
CHEMBL95431,0.006234852131456137,0.003013826758161444,0.0,0
CHEMBL321582,0.026629061810672282,0.014842177208086182,0.0,0
CHEMBL95606,0.0034056193311698736,0.0013295880729628435,0.0,0
CHEMBL100259,0.0018839858588762582,0.0014003154897314048,0.0,0
CHEMBL319144,0.0019665244966745377,0.0011806959910984818,0.0,0
CHEMBL101253,0.01595670231617987,0.009396515532800881,0.0,0
CHEMBL103667,0.0023753703222610056,0.0010675936114631867,0.0,0
CHEMBL105442,0.006087398889940232,0.005604518357372151,0.0,0
CHEMBL105060,0.009792673867195845,0.009226377341684168,0.0,0
CHEMBL107367,0.004077600303571671,0.0022967056508089727,0.0,0
CHEMBL107430,0.0037228430388495325,0.001916224765289211,0.0,0
CHEMBL110094,0.013083908427506685,0.007446268853410635,0.0,0
CHEMBL415324,0.017998581007122993,0.00667557720401834,0.0,0
CHEMBL110739,0.0018793243798427284,0.0007381234604905104,0.0,0
CHEMBL109648,0.010342536121606826,0.006272220045394397,0.0,0
CHEMBL113313,0.004899333999492228,0.002817922536497818,0.0,0
CHEMBL109480,0.0027234696608502418,0.0016006366667472623,0.0,0
CHEMBL112797,0.0029895855812355878,0.0028927710540709597,0.0,0
CHEMBL114551,0.003985565749462694,0.0045711138433139585,0.0,0
CHEMBL116438,0.03897568825632334,0.0213520984486077,0.0,0
CHEMBL114283,0.002046224434161559,0.0009712911151042805,0.0,0
CHEMBL435381,0.010279618902131915,0.0035264931171498006,0.0,0
CHEMBL325424,0.0023334830824751408,0.0017632001024935897,0.0,0
CHEMBL116943,0.003807977691758424,0.0033471328720310004,0.0,0
CHEMBL119625,0.0018052810686640442,0.0014789415855393302,0.0,0
CHEMBL119385,0.008192944200709462,0.0032178131970729273,0.0,0
CHEMBL118841,0.00836367104202509,0.00504220897506299,0.0,0
CHEMBL332750,0.00970949709881097,0.0047826140239503896,0.0,0
CHEMBL126159,0.0069381039356812835,0.00424963692016153,0.0,0
CHEMBL169,0.0022303787642158567,0.0007277385696545395,0.0,0
CHEMBL122270,0.032486946089193225,0.038431539415884654,0.0,0
CHEMBL124660,0.03252482991665602,0.011942969454220471,0.0,0
CHEMBL338604,0.006295657996088266,0.0023653487310221766,0.0,0
CHEMBL123558,0.023620285047218203,0.020117671921484722,0.0,0
CHEMBL127592,0.00942063368856907,0.004085409073959558,0.0,0
CHEMBL129482,0.00613627303391695,0.003493595797449541,0.0,0
CHEMBL129857,0.023412646353244783,0.011461881370388496,0.0,0
CHEMBL334830,0.004756860592169687,0.00316473812726217,0.0,0
CHEMBL263198,0.008968459081370384,0.005292290874275257,0.0,0
CHEMBL134561,0.040959649998694656,0.04870495469172086,0.0,0
CHEMBL435191,0.00400694552809,0.0014781483202643108,0.0,0
CHEMBL424278,0.0035089877434074878,0.0032085623306989104,0.0,0
CHEMBL435224,0.01878113569691777,0.008147061895198754,0.0,0
CHEMBL142652,0.004802411608397961,0.003942522614259896,0.0,0
CHEMBL358850,0.0012240871947142296,0.0009098230731585427,0.0,0
CHEMBL142635,0.00927107110619545,0.004937752241715744,0.0,0
CHEMBL262747,0.0005682540882844478,0.0003584076852492098,0.0,0
CHEMBL147806,0.018067419342696667,0.010445746744954871,0.0,0
CHEMBL146032,0.0035878670983947813,0.001778320538870728,0.0,0
CHEMBL1267,0.039485988672822714,0.01523511613506385,0.0,0
CHEMBL146624,0.04725979510694742,0.018138811782041873,0.0,0
CHEMBL149082,0.002099962026113644,0.0014495820251031214,0.0,0
CHEMBL424133,0.0036711426917463543,0.002558149891396435,0.0,0
CHEMBL148674,0.0028213944984599947,0.0018524497894419566,0.0,0
CHEMBL346631,0.004695179522968829,0.0021894573863951616,0.0,0
CHEMBL150894,0.0038917975733056666,0.001684466862116048,0.0,0
CHEMBL356388,0.013585196854546667,0.008437680548596617,0.0,0
CHEMBL153479,0.0067230772227048876,0.0025420092492884033,0.0,0
CHEMBL152067,0.010239542182534932,0.005373772415049681,0.0,0
CHEMBL350775,0.01383541631512344,0.0070472654702881995,0.0,0
CHEMBL348475,0.00561549027916044,0.002472609353188666,0.0,0
CHEMBL353581,0.008405162882991136,0.003215081212527331,0.0,0
CHEMBL351706,0.006440315139479935,0.004133135352801439,0.0,0
CHEMBL164660,0.005646158242598176,0.001912499756672596,0.0,0
CHEMBL169896,0.004582786277751438,0.00507898538517518,0.0,0
CHEMBL355200,0.003543454525060952,0.0018603196506773736,0.0,0
CHEMBL172513,0.0011337144431308843,0.0009373915843452227,0.0,0
CHEMBL171679,0.0031108494382351636,0.001395203252534488,0.0,0
CHEMBL368347,0.01334391119889915,0.005305238835744291,0.0,0
CHEMBL178654,0.011177474493160844,0.006173485791144368,0.0,0
CHEMBL361812,0.00275241753552109,0.0014744310797450914,0.0,0
CHEMBL180570,0.0006163698431919329,0.0003669346377831313,0.0,0
CHEMBL180101,0.015316961845383049,0.0103860837871671,0.0,0
CHEMBL367149,0.014221916580572725,0.007775311105774807,0.0,0
CHEMBL181954,0.008727191830985248,0.007599146201728966,0.0,0
CHEMBL182066,0.005044785188511014,0.0021387629681113417,0.0,0
CHEMBL186141,0.001920575398253277,0.0009627270307464404,0.0,0
CHEMBL359965,0.007894284091889858,0.011311574279959102,0.0,0
CHEMBL364804,0.018148384150117637,0.006281447182709869,0.0,0
CHEMBL362558,0.005163288174662739,0.0037720727179568134,0.0,0
CHEMBL186113,0.0029163851810153573,0.0017373928537063354,0.0,0
CHEMBL186179,0.006267832813318819,0.0038777204124899717,0.0,0
CHEMBL184618,0.004691764124436304,0.0026980905675965715,0.0,0
CHEMBL184238,0.016247193887829782,0.005729252624505052,0.0,0
CHEMBL450940,0.04219374135136604,0.02555429139276554,0.0,0
CHEMBL191413,0.021527532394975422,0.016004852762020873,0.0,0
CHEMBL190083,0.008781966660171748,0.003566037232866059,0.0,0
CHEMBL435298,0.008781966660171748,0.003566037232866059,0.0,0
CHEMBL427526,0.16107595837675034,0.22109181296566574,0.1,0
CHEMBL191482,0.01604659566655755,0.009193514507977358,0.0,0
CHEMBL190333,0.005715536721982062,0.002474348592748035,0.0,0
CHEMBL408350,0.0005601194701739587,0.0004377398011070535,0.0,0
CHEMBL190044,0.01529123643413186,0.005850975984478556,0.0,0
CHEMBL363387,0.004070810205303132,0.0013984322190892676,0.0,0
CHEMBL195560,0.006096121296286583,0.003051646575827152,0.0,0
CHEMBL372205,0.006881718256045133,0.0031908518121668158,0.0,0
CHEMBL371405,0.0031030373531393705,0.0011055759584868098,0.0,0
CHEMBL197194,0.014553755894303322,0.00737267616842643,0.0,0
CHEMBL363648,0.0072534892475232485,0.0033641959015572554,0.0,0
CHEMBL372764,0.003291275375522673,0.002105922805010432,0.0,0
CHEMBL197672,0.004087796271778643,0.0028522617257236886,0.0,0
CHEMBL197669,0.027770939748734236,0.013170817645307318,0.0,0
CHEMBL383824,0.0023967266373801977,0.0012191202957382364,0.0,0
CHEMBL382277,0.005421945673879236,0.004056398013511511,0.0,0
CHEMBL371064,0.002690223412355408,0.0016551309216422136,0.0,0
CHEMBL219410,0.002661768312100321,0.0013171055368726575,0.0,0
CHEMBL200102,0.023108025174587966,0.009296014842775969,0.0,0
CHEMBL203665,0.005931397620588541,0.0025002535089022615,0.0,0
CHEMBL203567,0.007203760975971818,0.0028845775216238077,0.0,0
CHEMBL383322,0.008481784956529737,0.0063985860867809335,0.0,0
CHEMBL206834,0.007057730166707188,0.002858398873441798,0.0,0
CHEMBL206815,0.002848770475247875,0.0029910359121535536,0.0,0
CHEMBL377300,0.028744309581816195,0.014988602197092086,0.0,0
CHEMBL206468,0.0011190052551683038,0.0006354711720371686,0.0,0
CHEMBL463763,0.002009663253556937,0.0015160925753893136,0.0,0
CHEMBL206031,0.00484956749714911,0.002511594040049655,0.0,0
CHEMBL207197,0.015821296349167825,0.010573349820555765,0.0,0
CHEMBL209821,0.0022660772199742498,0.0013186259970376308,0.0,0
CHEMBL207433,0.002664439589716494,0.0005844874728325332,0.0,0
CHEMBL441687,0.0016490197507664562,0.0009545896201732558,0.0,0
CHEMBL168640,0.007251091720536351,0.002681180531594419,0.0,0
CHEMBL212432,0.006438195495866239,0.003150227368552209,0.0,0
CHEMBL214268,0.01246256697922945,0.006835008346707504,0.0,0
CHEMBL377559,0.003293061559088528,0.0015605992816692265,0.0,0
CHEMBL436774,0.005683504126500339,0.0032723526985092752,0.0,0
CHEMBL218291,0.002480789046967402,0.0021653845458599443,0.0,0
CHEMBL217092,0.016384425410069525,0.01128427549510094,0.0,0
CHEMBL415049,0.011843459121882916,0.007615775994020529,0.0,0
CHEMBL219568,0.008830648008733987,0.003505444359510634,0.0,0
CHEMBL216981,0.009779672301374377,0.0045796855224313595,0.0,0
CHEMBL220360,0.007834292436018585,0.0037538113021225146,0.0,0
CHEMBL219046,0.012137580197304487,0.005856921823072405,0.0,0
CHEMBL217899,0.04052611012011766,0.013470762594182636,0.0,0
CHEMBL376408,0.009746674122288823,0.004532122486174801,0.0,0
CHEMBL220808,0.007322178513277322,0.0037752130320648255,0.0,0
CHEMBL218166,0.004020769672933966,0.0021480433779063786,0.0,0
CHEMBL426559,0.005544781498610973,0.0022070745664376653,0.0,0
CHEMBL376756,0.00372675773978699,0.007162160487335895,0.0,0
CHEMBL222460,0.00811415903735906,0.005084096779412265,0.0,0
CHEMBL220050,0.006284177419729531,0.002681548317942505,0.0,0
CHEMBL223360,0.011037533124908804,0.004711701441841647,0.0,0
CHEMBL375492,0.031848902348428965,0.02526718852281597,0.0,0
CHEMBL376180,0.0025518610375002025,0.0017883569925333076,0.0,0
CHEMBL225157,0.0076366598717868325,0.002927821010312464,0.0,0
CHEMBL389433,0.013837938476353884,0.010220333064572477,0.0,0
CHEMBL225304,0.0027341827983036636,0.0012660105052194489,0.0,0
CHEMBL226335,0.0030131295265164227,0.0012277168864762954,0.0,0
CHEMBL225411,0.005839294963516295,0.003532264502031549,0.0,0
CHEMBL226267,0.009357899869792163,0.005031828289864201,0.0,0
CHEMBL226345,0.006905075861141086,0.005514654413443635,0.0,0
CHEMBL229430,0.007662317296490073,0.003936867391821293,0.0,0
CHEMBL231616,0.017777258763089776,0.010438468237330426,0.0,0
CHEMBL228814,0.012636691518127918,0.006338241439922141,0.0,0
CHEMBL245019,0.0022208050562767313,0.0012244909966320106,0.0,0
CHEMBL230006,0.001953460997901857,0.0009923997639679756,0.0,0
CHEMBL230011,0.00910653886385262,0.003597423833345365,0.0,0
CHEMBL242341,0.06491920873522758,0.03970537475854165,0.0,0
CHEMBL232202,0.0030230569071136417,0.0023452059993542313,0.0,0
CHEMBL410414,0.0028422322124242783,0.0019204129460356784,0.0,0
CHEMBL232943,0.025083587784320117,0.01656760632609559,0.0,0
CHEMBL235191,0.01991035039536655,0.012759135539438984,0.0,0
CHEMBL267225,0.0028353419969789685,0.0013594447070998667,0.0,0
CHEMBL235363,0.0006346253328956663,0.00036835725771297237,0.0,0
CHEMBL392149,0.002711818748502992,0.0019675816362064356,0.0,0
CHEMBL236593,0.004892877582460642,0.0026451110344163373,0.0,0
CHEMBL398110,0.005220145639032126,0.002664824565288785,0.0,0
CHEMBL240163,0.011462684464640915,0.013875565853994689,0.0,0
CHEMBL427683,0.010731272399425507,0.00459181466413101,0.0,0
CHEMBL392158,0.008203480509109795,0.004042040471454379,0.0,0
CHEMBL241694,0.008121101930737496,0.002220662356607952,0.0,0
CHEMBL239800,0.00645339370239526,0.004186819838811078,0.0,0
CHEMBL240624,0.006546921445988119,0.004304396054272544,0.0,0
CHEMBL397647,0.01086207830812782,0.008546113658735966,0.0,0
CHEMBL246600,0.016595127852633597,0.009002953033275059,0.0,0
CHEMBL399510,0.008153859223239125,0.0039556883807884665,0.0,0
CHEMBL255044,0.019371945597231387,0.00856746225366056,0.0,0
CHEMBL399910,0.005498481495305896,0.0036883209588967477,0.0,0
CHEMBL398338,0.007829441409558057,0.0030081946755748964,0.0,0
CHEMBL252164,0.015885547734797,0.00857701820860035,0.0,0
CHEMBL250450,0.0025989095447584987,0.001769172929457497,0.0,0
CHEMBL1516,0.006850952643435449,0.007215139176213932,0.0,0
CHEMBL253978,0.004481945838779211,0.002080675034546469,0.0,0
CHEMBL253896,0.06178136188536883,0.026402615097292848,0.0,0
CHEMBL429844,0.0046106601599603895,0.002196691745537132,0.0,0
CHEMBL253969,0.015761474054306744,0.007191064333220898,0.0,0
CHEMBL255231,0.005799447337631136,0.0027290537686699944,0.0,0
CHEMBL256147,0.0040474777284543965,0.0046687194558528225,0.0,0
CHEMBL406050,0.6676790580153465,0.3468565971509283,0.6,1
CHEMBL259084,0.011657793493941426,0.00598160020990723,0.0,0
CHEMBL262344,0.00602466615382582,0.003532030892402206,0.0,0
CHEMBL408194,0.02860596086829901,0.0420474518735749,0.0,0
CHEMBL260046,0.0017585634952411056,0.0008851036163378225,0.0,0
CHEMBL412262,0.009971042023971676,0.005129393014905288,0.0,0
CHEMBL406381,0.011174443177878857,0.006673487959289541,0.0,0
CHEMBL258805,0.008044177619740366,0.0057020784514689666,0.0,0
CHEMBL258940,0.009897402534261347,0.006621033183811041,0.0,0
CHEMBL267431,0.013641466200351716,0.0071516073302179016,0.0,0
CHEMBL405130,0.01148735280148685,0.003985665166148009,0.0,0
CHEMBL259223,0.05833831108175218,0.07397734855730906,0.0,0
CHEMBL1543,0.002461981138912961,0.001343944344465944,0.0,0
CHEMBL429876,0.0058773922268301245,0.00367551571665847,0.0,0
CHEMBL261244,0.029628967167809606,0.0659514066098359,0.0,0
CHEMBL271475,0.0017915642238222063,0.0008970122754707274,0.0,0
CHEMBL437027,0.004113497289654333,0.007715161413396706,0.0,0
CHEMBL272980,0.007426790241152048,0.006541611226141171,0.0,0
CHEMBL572878,0.00857496247626841,0.00402784339819846,0.0,0
CHEMBL402548,0.003704439976718277,0.0017290295269271152,0.0,0
CHEMBL270362,0.010606065252795815,0.0035842151929964326,0.0,0
CHEMBL271220,0.013269940228201448,0.005626934362848802,0.0,0
CHEMBL429736,0.007033789367415011,0.0032878388340745737,0.0,0
CHEMBL270271,0.04591152984648943,0.02756593197601887,0.0,0
CHEMBL407874,0.007195637351833284,0.0038862900302942148,0.0,0
CHEMBL411907,0.003250138118164614,0.002761260980540322,0.0,0
CHEMBL270515,0.0002279721033119131,0.00018300462108746448,0.0,0
CHEMBL403989,0.008088830695487558,0.003947888459920294,0.0,0
CHEMBL405821,0.016032834071666002,0.00868439130766548,0.0,0
CHEMBL411070,0.0013934517774032429,0.0009783871140013622,0.0,0
CHEMBL412272,0.0029565373522927986,0.0030878623432077775,0.0,0
CHEMBL408701,0.005757879710290581,0.003966132931704254,0.0,0
CHEMBL487182,0.022838286589831114,0.014221786261617334,0.0,0
CHEMBL449317,0.002806838508695364,0.001399638170212981,0.0,0
CHEMBL486208,0.00434835585183464,0.004028934952198036,0.0,0
CHEMBL473659,0.001235927287780214,0.001041419602184876,0.0,0
CHEMBL460026,0.009483972424641251,0.006918992572554465,0.0,0
CHEMBL469449,0.0013545523048378526,0.0009967379713410863,0.0,0
CHEMBL520733,0.0032218859065324067,0.0017135020310623946,0.0,0
CHEMBL507974,0.0018482296902220697,0.0017523508964940482,0.0,0
CHEMBL511099,0.0033304338110610844,0.001982430729462643,0.0,0
CHEMBL511115,0.010805745935067534,0.0066031317563191964,0.0,0
CHEMBL452076,0.007211122149601579,0.0058625136239568105,0.0,0
CHEMBL488025,0.009678956819698215,0.00446925496997431,0.0,0
CHEMBL488436,0.018049331149086356,0.0110081552158972,0.0,0
CHEMBL507361,0.0078100691549479965,0.006211771988277902,0.0,0
CHEMBL1575,0.0025787314865738154,0.001346199039499125,0.0,0
CHEMBL521589,0.003934241808019578,0.0021205715701397092,0.0,0
CHEMBL1586,0.0017578881641384214,0.0006501791435178858,0.0,0
CHEMBL452861,0.011776465619914234,0.011715605334825222,0.0,0
CHEMBL517140,0.013257736735977233,0.009050845001643763,0.0,0
CHEMBL489095,0.011986935883760453,0.0065360779029024684,0.0,0
CHEMBL490672,0.012577406410127879,0.004942440809845951,0.0,0
CHEMBL455136,0.007673666975460946,0.005513288187197855,0.0,0
CHEMBL454138,0.0044566455413587395,0.002015886478536052,0.0,0
CHEMBL460702,0.01610206379555166,0.010565203677322754,0.0,0
CHEMBL491473,0.02055477276444435,0.008909954893800948,0.0,0
CHEMBL506981,0.0489300262182951,0.10889822990127639,0.0,0
CHEMBL513994,0.00883677420206368,0.002369744860210713,0.0,0
CHEMBL515387,0.004384268855210394,0.0018097764972630247,0.0,0
CHEMBL475251,0.014470436424016953,0.00793513839751943,0.0,0
CHEMBL522302,0.0052775639109313485,0.0035691695948532956,0.0,0
CHEMBL522987,0.0072282509645447135,0.0047283699803198995,0.0,0
CHEMBL502620,0.0050965347327291965,0.0021984581255312594,0.0,0
CHEMBL494089,0.005133467179257422,0.002495132155847159,0.0,0
CHEMBL494480,0.00515580284409225,0.002699131358311919,0.0,0
CHEMBL521851,0.009970366850029676,0.004757011572003509,0.0,0
CHEMBL459505,0.010344260185956956,0.003680104399650501,0.0,0
CHEMBL481611,0.0028975494904443623,0.000775490263505828,0.0,0
CHEMBL473841,0.003431029606144875,0.0024320908977507323,0.0,0
CHEMBL492399,0.031942103803157804,0.017518039980594407,0.0,0
CHEMBL467888,0.006476522167213261,0.003652331040778414,0.0,0
CHEMBL444478,0.006514439487364143,0.003960608653114199,0.0,0
CHEMBL446785,0.0013035206036875024,0.0008870891734880269,0.0,0
CHEMBL482811,0.010636273911222816,0.003420849541815235,0.0,0
CHEMBL500468,0.0006679283687844872,0.0003799419196509139,0.0,0
CHEMBL496102,0.00966216993983835,0.00475343969054063,0.0,0
CHEMBL468154,0.0007725506191491149,0.0007817127197960642,0.0,0
CHEMBL476323,0.007420606794767082,0.004733295191379997,0.0,0
CHEMBL476960,0.0005945789933321066,0.0005377296168294304,0.0,0
CHEMBL478858,0.004713825322687626,0.00282093705190348,0.0,0
CHEMBL513909,0.00953728356398642,0.00564757957048772,0.0,0
CHEMBL505147,0.012224294198676943,0.0047734136214571616,0.0,0
CHEMBL496748,0.005600078275892884,0.0036403502308099247,0.0,0
CHEMBL495727,0.0034267217037267984,0.001526654327463148,0.0,0
CHEMBL506871,0.005667422222904861,0.003348585596737029,0.0,0
CHEMBL522892,0.0029150121146813033,0.0017093157158434584,0.0,0
CHEMBL456029,0.0022140788118122146,0.0018131394055076577,0.0,0
CHEMBL467399,0.019620062923058866,0.016582586490321682,0.0,0
CHEMBL514201,0.024758902797475456,0.01877944654888195,0.0,0
CHEMBL483465,0.005566905695013702,0.003632596303377523,0.0,0
CHEMBL490029,0.005850135919172317,0.004530212912690669,0.0,0
CHEMBL508583,0.011855051480233669,0.007836077593475686,0.0,0
CHEMBL496634,0.007465442409738898,0.005048536369753345,0.0,0
CHEMBL465183,0.007633360184263438,0.005193076685918147,0.0,0
CHEMBL464792,0.003909137658774852,0.0011678946282833048,0.0,0
CHEMBL540445,0.0018034004140645265,0.0013200891244331285,0.0,0
CHEMBL443684,0.0049954277463257315,0.002361695425441077,0.0,0
CHEMBL518924,0.011980675882659853,0.0054097489294676025,0.0,0
CHEMBL445472,0.0039712338359095154,0.001446580790993781,0.0,0
CHEMBL483321,0.03480375977233052,0.01888506415669658,0.0,0
CHEMBL498485,0.05023286510258913,0.023815538505657277,0.0,0
CHEMBL498672,0.004581350181251764,0.0027021613438790444,0.0,0
CHEMBL445813,0.005899645923636854,0.0014075218152440208,0.0,0
CHEMBL485629,0.0029857947316486388,0.001823586259003144,0.0,0
CHEMBL501259,0.0012223620928125457,0.0008691472274128289,0.0,0
CHEMBL463981,0.008057261700741947,0.004216879596302403,0.0,0
CHEMBL456237,0.010119564575143158,0.005017842208599649,0.0,0
CHEMBL479527,0.013913601357489824,0.007239832217514224,0.0,0
CHEMBL517427,0.010198837239295244,0.004503502978394261,0.0,0
CHEMBL447955,0.018007221492007376,0.008675528002725525,0.0,0
CHEMBL483158,0.011998067935928702,0.007098494276344478,0.0,0
CHEMBL482967,0.018784014880657195,0.013422369345533453,0.0,0
CHEMBL482968,0.005511586042121053,0.0027481046926151414,0.0,0
CHEMBL482950,0.062114771269261834,0.0300269676045641,0.0,0
CHEMBL519504,0.014593913406133651,0.009313774885732876,0.0,0
CHEMBL471036,0.003801828867290169,0.0024753112244311204,0.0,0
CHEMBL497939,0.0027088458533398806,0.0024646466211199394,0.0,0
CHEMBL545315,0.01671285517513752,0.01002344020930353,0.0,0
CHEMBL536971,0.0017626595916226506,0.0015608519812092313,0.0,0
CHEMBL541388,0.004962203023023903,0.001980855242581376,0.0,0
CHEMBL538867,0.009038184187375009,0.006084302615757826,0.0,0
CHEMBL561057,0.011501033743843436,0.007751279511914549,0.0,0
CHEMBL559478,0.00487889073556289,0.0022148076946087937,0.0,0
CHEMBL562668,0.010513466317206621,0.006284870515711595,0.0,0
CHEMBL562318,0.009276330657303333,0.002278853667216331,0.0,0
CHEMBL561132,0.004682666948065161,0.004655794872367395,0.0,0
CHEMBL561339,0.004472141142468899,0.004090760700383478,0.0,0
CHEMBL561371,0.006779454625211656,0.004276524651683521,0.0,0
CHEMBL560993,0.01630809735506773,0.00559161594222014,0.0,0
CHEMBL564829,0.0026647173101082442,0.0009437310378702715,0.0,0
CHEMBL551813,0.011991377314552664,0.0049301110167501785,0.0,0
CHEMBL551064,0.00422939732670784,0.00196541511729566,0.0,0
CHEMBL541758,0.008371039852499962,0.006175146033651446,0.0,0
CHEMBL550961,0.00379186465870589,0.0029057633963017753,0.0,0
CHEMBL551978,0.015583312511444092,0.006629705391887698,0.0,0
CHEMBL563251,0.011895401659421623,0.00971620052433098,0.0,0
CHEMBL553204,0.020603824639692903,0.013370643978157487,0.0,0
CHEMBL574737,0.008418829343281687,0.004613421417000755,0.0,0
CHEMBL572881,0.01212787579279393,0.007828036316201038,0.0,0
CHEMBL574738,0.009204986947588622,0.008948831768576292,0.0,0
CHEMBL558752,0.0036088390043005347,0.0015094027581049356,0.0,0
CHEMBL575448,0.010837193462066352,0.007721801614611274,0.0,0
CHEMBL583912,0.0044129552552476525,0.001894141776224365,0.0,0
CHEMBL591429,0.008537276834249496,0.01038808637994288,0.0,0
CHEMBL576982,0.0035751440678723156,0.0020828926091128997,0.0,0
CHEMBL575060,0.0039032558794133364,0.0024070441220153936,0.0,0
CHEMBL566757,0.008191456040367483,0.004808471952679218,0.0,0
CHEMBL571948,0.020505229476839304,0.009185688877228499,0.0,0
CHEMBL570015,0.014957601996138692,0.006625797301950122,0.0,0
CHEMBL585902,0.007820352469570935,0.006016747893468919,0.0,0
CHEMBL577294,0.000538366635737475,0.0003154610281257639,0.0,0
CHEMBL571209,0.004340483690612018,0.0020692791826834316,0.0,0
CHEMBL578390,0.005442946217954159,0.0030694548880161507,0.0,0
CHEMBL578211,0.006418417813256383,0.004375589274813968,0.0,0
CHEMBL567303,0.0038816420128569007,0.004092282281186921,0.0,0
CHEMBL565612,0.0038125950493849816,0.0017223275373612896,0.0,0
CHEMBL587723,0.010396798164583743,0.007676673787713008,0.0,0
CHEMBL589390,0.014302805764600635,0.007328421067815851,0.0,0
CHEMBL609583,0.0025571785983629523,0.0011975973361397763,0.0,0
CHEMBL595573,0.004895611805841327,0.0016395119247828733,0.0,0
CHEMBL592374,0.007758088130503893,0.00497137967290835,0.0,0
CHEMBL592445,0.01364151667803526,0.006301983017893788,0.0,0
CHEMBL597800,0.013736578915268183,0.006914264555022797,0.0,0
CHEMBL603469,0.005417097941972315,0.003270479968944759,0.0,0
CHEMBL591501,0.016131356405094267,0.011705807457179586,0.0,0
CHEMBL590799,0.006881613179575652,0.0033903043405924863,0.0,0
CHEMBL591118,0.00423305151052773,0.002759209394491128,0.0,0
CHEMBL599552,0.007333797938190401,0.00486954914590347,0.0,0
CHEMBL602070,0.009431623271666467,0.003844527388166222,0.0,0
CHEMBL604710,0.0023860160261392595,0.0009809036494907322,0.0,0
CHEMBL598797,0.006614051293581724,0.00549258841577618,0.0,0
CHEMBL607707,0.024768690671771766,0.013477580299481541,0.0,0
CHEMBL607023,0.0017493629580712876,0.0013873571420648793,0.0,0
CHEMBL1076211,0.010142018552869558,0.006849719769715602,0.0,0
CHEMBL1079593,0.004004521039314568,0.002419958345186509,0.0,0
CHEMBL1086997,0.001667580746288877,0.001214683689431731,0.0,0
CHEMBL1079175,0.0035763496533036234,0.001204242685653709,0.0,0
CHEMBL1078178,0.007383949949871749,0.004323652841594191,0.0,0
CHEMBL1090771,0.013518670853227378,0.009861561848595986,0.0,0
CHEMBL1090089,0.006279823090881109,0.002486719469350127,0.0,0
CHEMBL1088750,0.013664387352764606,0.005599078820715948,0.0,0
CHEMBL1088751,0.010489988373592496,0.002991319831948788,0.0,0
CHEMBL1093059,0.003212705941405147,0.0011811070297104906,0.0,0
CHEMBL1093458,0.014375531766563653,0.006415648660907952,0.0,0
CHEMBL1090173,0.0057584938360378144,0.0027260684387678392,0.0,0
CHEMBL1090479,0.00533884116448462,0.002403631219581963,0.0,0
CHEMBL1091644,0.00604137028567493,0.004395344609830711,0.0,0
CHEMBL1096896,0.003986311459448189,0.0025832137441297747,0.0,0
CHEMBL1096927,0.0037554609123617412,0.002094676058966179,0.0,0
CHEMBL1096380,0.022633704356849194,0.023194328408472967,0.0,0
CHEMBL1097999,0.0015562000160571187,0.0008215628114833587,0.0,0
CHEMBL1095032,0.0028381142765283585,0.0013251492677432899,0.0,0
CHEMBL1082723,0.0044387300498783585,0.0014713541677694572,0.0,0
CHEMBL1085699,0.006078652036376297,0.0031274259614560616,0.0,0
CHEMBL1083390,0.008467227313667535,0.0038962252697875392,0.0,0
CHEMBL1084546,0.007936901552602649,0.005513800998059854,0.0,0
CHEMBL1086218,0.0006034922815160825,0.0004467707706608408,0.0,0
CHEMBL1084617,0.014971782639622688,0.009552350536378365,0.0,0
CHEMBL1082462,0.0023246013093739747,0.0014243126502315206,0.0,0
CHEMBL1160571,0.0008760308388445992,0.0005484631031142859,0.0,0
CHEMBL1162144,0.0014608872414100915,0.0011399375525206485,0.0,0
CHEMBL1162175,0.034950732230208816,0.08042662907024221,0.0,0
CHEMBL1171754,0.0170788018964231,0.005033128313863759,0.0,0
CHEMBL1173532,0.019467328488826752,0.009949110475445846,0.0,0
CHEMBL1172928,0.0023309451411478222,0.0013928293189620793,0.0,0
CHEMBL1195136,0.005851684114895761,0.0021855946375287146,0.0,0
CHEMBL1197564,0.03780460002599284,0.05979683430204945,0.0,0
CHEMBL1198855,0.005246250703930855,0.0027393415259738194,0.0,0
CHEMBL1207607,0.005049194680759683,0.006531879680965501,0.0,0
CHEMBL1208829,0.005445890291593969,0.003575018573294485,0.0,0
CHEMBL1213327,0.002715399238513783,0.0016068627754315349,0.0,0
CHEMBL1213492,0.01218426872510463,0.00608064162433334,0.0,0
CHEMBL1213583,0.007085620006546378,0.0023256206369300135,0.0,0
CHEMBL1214827,0.007570602383930236,0.003423737867670817,0.0,0
CHEMBL1215923,0.0029425162996631117,0.002084924753721914,0.0,0
CHEMBL1230065,0.007076416129712016,0.004739497117137207,0.0,0
CHEMBL1230122,0.011676776176318526,0.005802212821890962,0.0,0
CHEMBL1230165,0.011400681966915727,0.005260431782191304,0.0,0
CHEMBL1230607,0.004577011009678245,0.0032944607933339115,0.0,0
CHEMBL1230609,0.006656495342031121,0.0029411912758926717,0.0,0
CHEMBL1230982,0.006360063201282173,0.003593186195496181,0.0,0
CHEMBL1231124,0.012682218244299293,0.006909278855818097,0.0,0
CHEMBL1231160,0.002164111059391871,0.0012970770238240753,0.0,0
CHEMBL1232461,0.016062782192602754,0.005223018277802883,0.0,0
CHEMBL1233058,0.004404518799856305,0.010691087568650346,0.0,0
CHEMBL1233524,0.009184519574046136,0.004137651604763067,0.0,0
CHEMBL1233528,0.020436404272913933,0.011182423849735647,0.0,0
CHEMBL1233584,0.003971903055207804,0.003290467265159785,0.0,0
CHEMBL1234354,0.008027320518158377,0.004680014413499036,0.0,0
CHEMBL1236107,0.02478480669669807,0.01605259408571676,0.0,0
CHEMBL1236282,0.005046837078407407,0.0034802718237354944,0.0,0
CHEMBL1236475,0.18931146289687603,0.23202635477426123,0.2,0
CHEMBL1236924,0.010896922554820776,0.005925330042198225,0.0,0
CHEMBL1236962,0.02773879822343588,0.009764010905389583,0.0,0
CHEMBL1237212,0.0014141038816887885,0.0005350769693248696,0.0,0
CHEMBL1240967,0.007075511757284403,0.0039026655208045055,0.0,0
CHEMBL1241348,0.015084014227613806,0.011231008209931122,0.0,0
CHEMBL1241855,0.004900027805706486,0.002451843800362868,0.0,0
CHEMBL1255901,0.004361916496418416,0.001750408852050039,0.0,0
CHEMBL1256686,0.03023081487044692,0.02315455494583961,0.0,0
CHEMBL1256723,0.0013103283650707453,0.0009931607354356701,0.0,0
CHEMBL1258006,0.010224196431227028,0.006952244273629112,0.0,0
CHEMBL1258517,0.005316997016780079,0.0024392046435940938,0.0,0
CHEMBL1269258,0.005959914368577302,0.0038192273949104855,0.0,0
CHEMBL1269597,0.0007621418713824824,0.0006539763701248975,0.0,0
CHEMBL1276127,0.004488152009434998,0.002556798383658446,0.0,0
CHEMBL1276678,0.055180201306939125,0.02869019158591425,0.0,0
CHEMBL1277072,0.004805296426638961,0.0026606615604839057,0.0,0
CHEMBL1278146,0.004149429348763079,0.003003600852723777,0.0,0
CHEMBL1407943,0.009929832676425577,0.004803024543829029,0.0,0
CHEMBL1475252,0.028249589912593364,0.015955233108369462,0.0,0
CHEMBL1512580,0.002885055460501462,0.0012367277005311643,0.0,0
CHEMBL1531134,0.007163795013912022,0.004737108223363432,0.0,0
CHEMBL1568698,0.004539879271760583,0.0012660346752559348,0.0,0
CHEMBL1614710,0.004678632447030396,0.00409847124287905,0.0,0
CHEMBL1614713,0.003879037778824568,0.0013937308106924903,0.0,0
CHEMBL1614725,0.008083533891476691,0.004786099192811787,0.0,0
CHEMBL1614766,0.004562093631830066,0.002384987699906153,0.0,0
CHEMBL1615025,0.008438997226767242,0.004578238097707484,0.0,0
CHEMBL1628688,0.030611520539969204,0.018701673059837495,0.0,0
CHEMBL1630578,0.00656439159065485,0.003004479030473129,0.0,0
CHEMBL1631540,0.009564410150051116,0.004397197817251144,0.0,0
CHEMBL1643880,0.006108666327781976,0.0026794443540590906,0.0,0
CHEMBL1645462,0.007603683089837432,0.004117365710512819,0.0,0
CHEMBL1649931,0.13972535750363022,0.19663609642359237,0.1,0
CHEMBL1650443,0.006653445109259337,0.005117341348308756,0.0,0
CHEMBL1650595,0.0038431112829130144,0.002741618224722166,0.0,0
CHEMBL1651534,0.009508559689857065,0.004293856796419166,0.0,0
CHEMBL1651956,0.0006622858141781762,0.0004243175087476859,0.0,0
CHEMBL1668019,0.08656210377812386,0.14355842952031062,0.0,0
CHEMBL1672002,0.01870819500181824,0.009281826313789402,0.0,0
CHEMBL1672054,0.01181360254995525,0.0056705309636706815,0.0,0
CHEMBL1672627,0.010231016227044165,0.004841750699407236,0.0,0
CHEMBL1672635,0.014384556701406837,0.0057065631351540256,0.0,0
CHEMBL1672973,0.010200755996629595,0.005786942506695358,0.0,0
CHEMBL1684950,0.010336999082937837,0.004618953446468262,0.0,0
CHEMBL1684984,0.007597393682226538,0.004691901439838084,0.0,0
CHEMBL1688243,0.011149162147194146,0.0044611612962541895,0.0,0
CHEMBL1705373,0.004648088454268872,0.001492519807580141,0.0,0
CHEMBL1716983,0.004686945944558829,0.002985185655039012,0.0,0
CHEMBL1733174,0.022331923758611084,0.018178321357011314,0.0,0
CHEMBL1738699,0.018335872516036033,0.006741432914043942,0.0,0
CHEMBL1738757,0.004033310886006803,0.0013742203054223478,0.0,0
CHEMBL1738758,0.003407162439543754,0.00188862221088453,0.0,0
CHEMBL1738889,0.006098362384364009,0.002870820045824056,0.0,0
CHEMBL1761322,0.007075214362703264,0.0029386374859000403,0.0,0
CHEMBL1762621,0.005273686617147178,0.0023829246202311002,0.0,0
CHEMBL1767164,0.011470509646460413,0.005168936368065417,0.0,0
CHEMBL1770916,0.011994058778509498,0.006613641718275034,0.0,0
CHEMBL1773683,0.022025744896382093,0.007554301696479555,0.0,0
CHEMBL1779046,0.004539089929312468,0.0028432184495100887,0.0,0
CHEMBL1779710,0.0025338513019960373,0.0014935369778334671,0.0,0
CHEMBL1790006,0.04566043689846992,0.044225827466870385,0.0,0
CHEMBL1800807,0.012457125075161456,0.007881795366252877,0.0,0
CHEMBL1800955,0.003976216283626854,0.0018726599259550408,0.0,0
CHEMBL1801204,0.01733344900421798,0.006693108044832736,0.0,0
CHEMBL1801250,0.006743124639615417,0.005509483389982584,0.0,0
CHEMBL1808388,0.01135846123797819,0.006648969596602401,0.0,0
CHEMBL1818341,0.012335412204265594,0.00669277696083124,0.0,0
CHEMBL1818442,0.012956851883791387,0.009566178322051686,0.0,0
CHEMBL1822792,0.00856478449422866,0.006267915988683191,0.0,0
CHEMBL1823817,0.010565456561744213,0.007930811879325025,0.0,0
CHEMBL1823872,0.0007364801276708022,0.00047647346781364014,0.0,0
CHEMBL1829174,0.005832277331501245,0.002475128951186004,0.0,0
CHEMBL1829335,0.008874284569174051,0.005703536527183386,0.0,0
CHEMBL1829433,0.019428093265742064,0.00699659846957462,0.0,0
CHEMBL1835919,0.011577927693724632,0.009564763290347627,0.0,0
CHEMBL1851943,0.018828938342630865,0.009277305607057904,0.0,0
CHEMBL1852164,0.0009359470510389656,0.0009379059475094654,0.0,0
CHEMBL1879463,0.0029510340304113925,0.0015131056518834637,0.0,0
CHEMBL1902981,0.013813375867903233,0.005561701720812249,0.0,0
CHEMBL1905073,0.05001016715541482,0.028474242315987636,0.0,0
CHEMBL1908394,0.006508003082126379,0.004231489480254491,0.0,0
CHEMBL1908397,0.009286448080092668,0.005445335771515678,0.0,0
CHEMBL1909452,0.004107632307568565,0.0029937185070164265,0.0,0
CHEMBL1910936,0.9786939203739167,0.024223040589213363,1.0,1
CHEMBL1911882,0.017876074695959688,0.0117742189138084,0.0,0
CHEMBL1915540,0.021883327595423906,0.035439970236465,0.0,0
CHEMBL1914489,0.00835434179753065,0.003642460184025322,0.0,0
CHEMBL1921976,0.006221864349208772,0.0032896336871395294,0.0,0
CHEMBL1922094,0.011507205618545412,0.006322989085766136,0.0,0
CHEMBL1922235,0.009316932037472725,0.006466069208203514,0.0,0
CHEMBL1922660,0.012705957680009306,0.006956840976673102,0.0,0
CHEMBL1923234,0.019783996138721706,0.008411842477265324,0.0,0
CHEMBL1923502,0.00392090865643695,0.0014234657791623708,0.0,0
CHEMBL1928262,0.023925920203328132,0.01780025824459219,0.0,0
CHEMBL1929396,0.002190492203226313,0.000918989062010938,0.0,0
CHEMBL1933349,0.02001178371720016,0.010473843751026826,0.0,0
CHEMBL1938400,0.005907764995936304,0.008002811799101705,0.0,0
CHEMBL1938870,0.004528258298523724,0.0028215905969347544,0.0,0
CHEMBL1944698,0.006210406962782145,0.0033367152292841143,0.0,0
CHEMBL1946618,0.010481973551213742,0.004114556892980943,0.0,0
CHEMBL1950289,0.006878432352095842,0.0032897862743792358,0.0,0
CHEMBL1951032,0.012787011638283729,0.005423932575024472,0.0,0
CHEMBL1951143,0.030530527513474227,0.017546729275553317,0.0,0
CHEMBL1951575,0.005456133221741766,0.00351155710938913,0.0,0
CHEMBL1951914,0.025561533216387034,0.02251918090290969,0.0,0
CHEMBL1952329,0.005207816779147834,0.003452407242490783,0.0,0
CHEMBL1956285,0.0113149079028517,0.0042299771907329175,0.0,0
CHEMBL1969664,0.020394242135807872,0.01406935227649723,0.0,0
CHEMBL1976040,0.00545496050035581,0.0033443117563153983,0.0,0
CHEMBL1980297,0.0035754100419580935,0.0006032729477592237,0.0,0
CHEMBL1980391,0.012420718185603618,0.0044422949466729035,0.0,0
CHEMBL2001019,0.0073619283270090815,0.0040625020879359215,0.0,0
CHEMBL2010872,0.012101394543424248,0.0051891587476791115,0.0,0
CHEMBL2013174,0.013305703504011035,0.0102167493333317,0.0,0
CHEMBL2017179,0.011443336820229888,0.006612837696433204,0.0,0
CHEMBL2017974,0.009972188295796514,0.00914024288385161,0.0,0
CHEMBL2018096,0.0022145146736875176,0.0007146592346772159,0.0,0
CHEMBL2019090,0.010106741078197956,0.0073854774600774315,0.0,0
CHEMBL2022968,0.006323616672307253,0.0045321063586314,0.0,0
CHEMBL2028665,0.016248660651035605,0.00904990182759215,0.0,0
CHEMBL2029988,0.006637100630905479,0.004755207559559667,0.0,0
CHEMBL2031465,0.0045468388358131055,0.002013934215326431,0.0,0
CHEMBL2035187,0.009002114739269018,0.005453152937827656,0.0,0
CHEMBL2035460,0.000296489337051753,0.00014210271744784784,0.0,0
CHEMBL2036958,0.019147360371425746,0.012957933724560904,0.0,0
CHEMBL2037511,0.007835786230862141,0.003641055147323048,0.0,0
CHEMBL2041933,0.006444330746307969,0.0029801642325845688,0.0,0
CHEMBL2041980,0.015284658735617995,0.009953022209940552,0.0,0
CHEMBL2051955,0.022854162333533167,0.01184260980406454,0.0,0
CHEMBL2057301,0.004026960115879774,0.0014267670162038445,0.0,0
CHEMBL2058833,0.009963316982612014,0.005086525173429231,0.0,0
CHEMBL2059028,0.006904536415822804,0.0034980851607371473,0.0,0
CHEMBL2063869,0.01621327209286392,0.00884193302981348,0.0,0
CHEMBL2068971,0.002848469896707684,0.0008639593497191621,0.0,0
CHEMBL2074689,0.006442666205111891,0.0034204934597417513,0.0,0
CHEMBL2079588,0.011840861523523927,0.004432559663377314,0.0,0
CHEMBL2087361,0.009125034115277231,0.004920595826608116,0.0,0
CHEMBL2093999,0.009314069827087223,0.005612676301007903,0.0,0
CHEMBL2103828,0.061641848040744664,0.10494325505276891,0.0,0
CHEMBL2103840,0.0024084131931886078,0.0009771581870939303,0.0,0
CHEMBL2103842,0.014343265141360462,0.006616818226162129,0.0,0
CHEMBL2103847,0.0023613121651578695,0.0031917782370686743,0.0,0
CHEMBL2103851,0.006226664502173662,0.002754139930093784,0.0,0
CHEMBL2103856,0.009518461860716343,0.004428100494396021,0.0,0
CHEMBL2103863,0.0027738649281673134,0.0015660947460344114,0.0,0
CHEMBL2103879,0.011880019074305892,0.004938513859921567,0.0,0
CHEMBL2103881,0.0020496267243288457,0.0015722027237715938,0.0,0
CHEMBL2103884,0.0028577825403772296,0.001696715708937713,0.0,0
CHEMBL2104970,0.9364435195922851,0.05266502518583868,1.0,1
CHEMBL2105617,0.0016534733877051622,0.0007256069619483019,0.0,0
CHEMBL2105661,0.005330519378185272,0.0032333734190725383,0.0,0
CHEMBL2105671,0.0005371004262997303,0.00034120188763572964,0.0,0
CHEMBL2105686,0.00988953182240948,0.007794796050032127,0.0,0
CHEMBL2105699,0.010794763406738638,0.0040362513484204394,0.0,0
CHEMBL2105705,0.0033109401527326556,0.0015172512001644,0.0,0
CHEMBL2105709,0.0035870027961209415,0.0020880390668477885,0.0,0
CHEMBL2105728,0.012904205499216915,0.008296058628304622,0.0,0
CHEMBL2105734,0.003107531915884465,0.0015712382390619436,0.0,0
CHEMBL2105738,0.004726326186209917,0.0015282102295702666,0.0,0
CHEMBL2105762,0.0074580474058166145,0.005290259447358751,0.0,0
CHEMBL2105763,0.005095585924573242,0.002565306582194863,0.0,0
CHEMBL2107358,0.014724697661586105,0.023622241945424623,0.0,0
CHEMBL2107383,0.019296332355588676,0.01412880651174236,0.0,0
CHEMBL2107455,0.8695843338966369,0.1499449043916041,1.0,1
CHEMBL2107771,0.00745115929748863,0.0038768482037904277,0.0,0
CHEMBL2107786,0.011316596437245608,0.006085784076534466,0.0,0
CHEMBL2107822,0.011071260925382376,0.004672624425720938,0.0,0
CHEMBL2107832,0.006051554740406573,0.0026271362540635423,0.0,0
CHEMBL2110727,0.010586313402745873,0.007780040513268427,0.0,0
CHEMBL2110731,0.0050790293957106766,0.0030576152101596185,0.0,0
CHEMBL2111110,0.006601946626324207,0.0026298243372610483,0.0,0
CHEMBL2133806,0.011137177166529,0.00858625185400203,0.0,0
CHEMBL2140408,0.006298979674465954,0.0050495913593032035,0.0,0
CHEMBL2142592,0.007559930416755378,0.0031511573352803086,0.0,0
CHEMBL2147777,0.003482149529736489,0.0015521310498172647,0.0,0
CHEMBL2151572,0.008579902350902557,0.0038667105198355906,0.0,0
CHEMBL2152712,0.0740598600357771,0.1519239474101533,0.1,0
CHEMBL2153191,0.003992081119213254,0.0019360599057735076,0.0,0
CHEMBL2158051,0.011699720728211105,0.00599831829099786,0.0,0
CHEMBL2158685,0.009154389193281532,0.004816999407183636,0.0,0
CHEMBL2165191,0.005203410354442895,0.0024251084953035816,0.0,0
CHEMBL2165326,0.016495494078844784,0.007295454895634455,0.0,0
CHEMBL2177390,0.009079151460900903,0.0031865255796333937,0.0,0
CHEMBL2177913,0.007814939483068883,0.004298460806098437,0.0,0
CHEMBL2178573,0.09738721512258053,0.14278695466225702,0.1,0
CHEMBL2178578,0.08294672090560198,0.10327066465318134,0.0,0
CHEMBL2178579,0.025631199311465024,0.015148961102814922,0.0,0
CHEMBL2179105,0.0046722923405468466,0.0016892260926720767,0.0,0
CHEMBL2180602,0.00460034686839208,0.002374411726197602,0.0,0
CHEMBL2180604,0.006458528945222497,0.002771240779512612,0.0,0
CHEMBL2181753,0.014165792451240122,0.010532698199051034,0.0,0
CHEMBL2181776,0.00562783214263618,0.003497089283527386,0.0,0
CHEMBL2204263,0.00559563027927652,0.004255673099903221,0.0,0
CHEMBL2219422,0.005468720640055835,0.002305928639501653,0.0,0
CHEMBL2220486,0.022444103844463825,0.0121506294480795,0.0,0
CHEMBL2263632,0.018441721377894283,0.009223984848871852,0.0,0
CHEMBL2316582,0.006458421284332871,0.004626187102395589,0.0,0
CHEMBL2323775,0.007366382458712906,0.006620027620098906,0.0,0
CHEMBL2325429,0.012402552273124456,0.008965150232028273,0.0,0
CHEMBL2325741,0.005356815306004137,0.004466367056073367,0.0,0
CHEMBL2326966,0.00595365883782506,0.00316657476174331,0.0,0
CHEMBL2331680,0.005953980050981045,0.002310344894620719,0.0,0
CHEMBL2333941,0.00991405958775431,0.007167027808666408,0.0,0
CHEMBL2336325,0.013257233100011945,0.003488409024062224,0.0,0
CHEMBL2338329,0.004847638378851116,0.0026180793344281815,0.0,0
CHEMBL2338801,0.011406502267345787,0.0063349260217948605,0.0,0
CHEMBL2346738,0.006374791054986418,0.0030093675526654887,0.0,0
CHEMBL2346976,0.006111960718408227,0.0035196519770708916,0.0,0
CHEMBL2347655,0.0063153842464089395,0.0027736760584600585,0.0,0
CHEMBL2348292,0.005676870956085623,0.003579681781228805,0.0,0
CHEMBL2364611,0.01895041046664119,0.015285292478547739,0.0,0
CHEMBL2364614,0.007560366997495294,0.003360093072715609,0.0,0
CHEMBL2364618,0.00498348013497889,0.001946170900434624,0.0,0
CHEMBL2364624,0.01362240556627512,0.00762979516081438,0.0,0
CHEMBL2364628,0.00598672540509142,0.005124511388867853,0.0,0
CHEMBL2381408,0.013554928870871664,0.009336126585162901,0.0,0
CHEMBL2386081,0.001987652789102867,0.0010223435616609402,0.0,0
CHEMBL2386346,0.009086400317028166,0.005841161732419365,0.0,0
CHEMBL2386558,0.010611004987731576,0.0017746264706834808,0.0,0
CHEMBL2386889,0.006138061790261417,0.00372318854785548,0.0,0
CHEMBL2387080,0.019749082368798555,0.01682191326347193,0.0,0
CHEMBL2387408,0.0048428029869683085,0.003472779200908727,0.0,0
CHEMBL2387541,0.00534143861150369,0.0032098301065244155,0.0,0
CHEMBL2387742,0.0068310055532492696,0.003534626051498823,0.0,0
CHEMBL2391146,0.015301412343978882,0.006259778783183211,0.0,0
CHEMBL2392545,0.010322115500457585,0.006089545018783553,0.0,0
CHEMBL2393130,0.015191810578107834,0.0063773358572867846,0.0,0
CHEMBL2396989,0.005549976020120084,0.0025537883717576654,0.0,0
CHEMBL2397415,0.00514216017909348,0.00250225140801084,0.0,0
CHEMBL2397450,0.0014439422695431859,0.0006325097492106577,0.0,0
CHEMBL2402737,0.009570289007388055,0.0064011289460808325,0.0,0
CHEMBL2408045,0.009719049325212836,0.004096230952064685,0.0,0
CHEMBL2419346,0.011739990999922156,0.00610247535166464,0.0,0
CHEMBL2431768,0.013409574003890156,0.006224234308506211,0.0,0
CHEMBL2442750,0.01185979563742876,0.008045564572048991,0.0,0
CHEMBL3039498,0.016414520842954517,0.0076237805802526456,0.0,0
CHEMBL3039513,0.0060708770295605065,0.002603850253459338,0.0,0
CHEMBL3039517,0.0036675331764854492,0.0012344568810774626,0.0,0
CHEMBL3039522,0.010431763809174299,0.0054756708531618304,0.0,0
CHEMBL3039525,0.010138297686353326,0.005616729265871082,0.0,0
CHEMBL3039529,0.012418922479264438,0.007988330770680613,0.0,0
CHEMBL3039531,0.01966313333250582,0.012619104103360897,0.0,0
CHEMBL3087515,0.0038841358036734164,0.002146111325820008,0.0,0
CHEMBL3092562,0.013123010098934174,0.004211192118429197,0.0,0
CHEMBL3092995,0.016621169075369834,0.017150940837206703,0.0,0
CHEMBL3109802,0.010456312587484718,0.006248938358833401,0.0,0
CHEMBL3113165,0.013998708501458169,0.00994147106848211,0.0,0
CHEMBL3113734,0.01407880496699363,0.010502405556510887,0.0,0
CHEMBL3113974,0.018152695102617144,0.010081805776466904,0.0,0
CHEMBL3115681,0.005571855488233269,0.0026338234566826656,0.0,0
CHEMBL3125702,0.019043787475675346,0.015382292859071988,0.0,0
CHEMBL3126832,0.0013336558506125585,0.0011180769314986937,0.0,0
CHEMBL3126842,0.03091171197593212,0.01523575881160605,0.0,0
CHEMBL3128043,0.006680263997986912,0.005304238923951599,0.0,0
CHEMBL3133037,0.0037715119658969344,0.0015128775370420592,0.0,0
CHEMBL3137304,0.001951061049476266,0.0007292548508708593,0.0,0
CHEMBL3137308,0.007261172961443662,0.00289689110367006,0.0,0
CHEMBL3137316,0.0019061000959482044,0.0011636307253648582,0.0,0
CHEMBL3137331,0.007293561287224293,0.0029931981653212258,0.0,0
CHEMBL3137332,0.007597097987309098,0.0036799638053889878,0.0,0
CHEMBL3137336,0.013238390302285552,0.0074875349770376284,0.0,0
CHEMBL3188386,0.006626525358296931,0.003936659430706472,0.0,0
CHEMBL3188551,0.005217597051523626,0.0024488072375731165,0.0,0
CHEMBL3215298,0.0005477492144564166,0.0002637623404169732,0.0,0
CHEMBL3218578,0.013063955027610064,0.004357849113653788,0.0,0
CHEMBL3219124,0.008191029308363795,0.003837436857886027,0.0,0
CHEMBL3219616,0.001924043649341911,0.0007871544462119391,0.0,0
CHEMBL3259907,0.00592641388066113,0.0028101598462282494,0.0,0
CHEMBL3260567,0.004186475346796214,0.0015060824772224419,0.0,0
CHEMBL3261331,0.023410520050674677,0.015801917839075065,0.0,0
CHEMBL3265032,0.004683150455821306,0.0024858566952866597,0.0,0
CHEMBL3286797,0.01169924617279321,0.013416894699423627,0.0,0
CHEMBL3287218,0.013940067565999924,0.008791338928894974,0.0,0
CHEMBL3287255,0.010408838023431599,0.00706777184250137,0.0,0
CHEMBL3287379,0.011461879359558225,0.006239390084715001,0.0,0
CHEMBL3287735,0.008712003543041646,0.0032335990934529023,0.0,0
CHEMBL3298910,0.006099494127556682,0.005207925819447783,0.0,0
CHEMBL3301601,0.004152668279130012,0.002267120501782937,0.0,0
CHEMBL3301604,0.0056864826940000055,0.002384739654138281,0.0,0
CHEMBL3301606,0.011902932450175286,0.00872822493586131,0.0,0
CHEMBL3301620,0.009209429821930825,0.004758299338845662,0.0,0
CHEMBL3301625,0.007664723927155137,0.004653695811798171,0.0,0
CHEMBL3301626,0.019561924040317535,0.011301077120975247,0.0,0
CHEMBL3311228,0.006227448652498424,0.0034512888541720077,0.0,0
CHEMBL3314565,0.02288028341718018,0.0143259784229835,0.0,0
CHEMBL3317856,0.0075239008758217095,0.0045528340636206595,0.0,0
CHEMBL3319236,0.009924778388813138,0.002735640965419122,0.0,0
CHEMBL3330226,0.006096034287475049,0.0032886697504070613,0.0,0
CHEMBL3334567,0.017970834299921988,0.014467558770507098,0.0,0
CHEMBL3334624,0.0036673758877441287,0.0006953300843407455,0.0,0
CHEMBL3334824,0.08348842840641738,0.16010420032979486,0.1,0
CHEMBL3337527,0.02712382497265935,0.010354938813507523,0.0,0
CHEMBL3338194,0.02037570425309241,0.01183829021427789,0.0,0
CHEMBL3338866,0.019286920921877025,0.010930603054306837,0.0,0
CHEMBL3348861,0.007005995081271976,0.003964300139030206,0.0,0
CHEMBL3353541,0.02022629277780652,0.03616973634934265,0.0,0
CHEMBL3355009,0.0092396707739681,0.0036108194760980147,0.0,0
CHEMBL3356433,0.0063265986042097214,0.003859321919506587,0.0,0
CHEMBL3358920,0.004673499125055968,0.0028017334896266893,0.0,0
CHEMBL3358954,0.011522544035688042,0.006743670904011702,0.0,0
CHEMBL3359265,0.005400678585283458,0.0036315972838510896,0.0,0
CHEMBL3360203,0.015027070883661509,0.009465791326898395,0.0,0
CHEMBL3407547,0.0036100784316658975,0.0020995015849884567,0.0,0
CHEMBL3408947,0.011461325036361814,0.006878586957437072,0.0,0
CHEMBL3414626,0.011061584344133735,0.008988527593942737,0.0,0
CHEMBL3416885,0.049300472252070904,0.06883113436320897,0.0,0
CHEMBL3421729,0.005127145070582628,0.0016604505864460041,0.0,0
CHEMBL3426621,0.012033147690817713,0.007665437899525474,0.0,0
CHEMBL3427435,0.004893200582591817,0.0026038829671506834,0.0,0
CHEMBL3527000,0.002507453749421984,0.0010693294183418865,0.0,0
CHEMBL3544911,0.00595545805990696,0.002013500345167243,0.0,0
CHEMBL3544913,0.0040772029431536795,0.0023742567731655324,0.0,0
CHEMBL3544932,0.010962245496921241,0.005178083448474842,0.0,0
CHEMBL3544960,0.0076352024218067525,0.004655893348433254,0.0,0
CHEMBL3544964,0.006334471539594233,0.0028453436162360285,0.0,0
CHEMBL3544983,0.038606280274689195,0.02212886118045649,0.0,0
CHEMBL3545027,0.00789379091002047,0.0021242643077412165,0.0,0
CHEMBL3545036,0.00919013514649123,0.00469408700103903,0.0,0
CHEMBL3545043,0.007247977191582322,0.002361975275993642,0.0,0
CHEMBL3545076,0.008802177151665092,0.005713567778195277,0.0,0
CHEMBL3545083,0.009848334291018546,0.006757526594133221,0.0,0
CHEMBL3545085,0.0047818035469390455,0.0020470536034153577,0.0,0
CHEMBL3545097,0.015162028605118394,0.010602371930299127,0.0,0
CHEMBL3545108,0.003643728734459728,0.0017174771225637784,0.0,0
CHEMBL3545154,0.018147303303703666,0.01096226693423196,0.0,0
CHEMBL3545157,0.013504012254998088,0.0074237970377946235,0.0,0
CHEMBL3545215,0.005485353607218713,0.004716604812439685,0.0,0
CHEMBL3545233,0.013262532278895378,0.006604883638171054,0.0,0
CHEMBL3545241,0.01533876839093864,0.0077877838041203835,0.0,0
CHEMBL3545307,0.0027176136791240424,0.0009529772814891285,0.0,0
CHEMBL3545308,0.006576229189522565,0.0029457617079114056,0.0,0
CHEMBL3545350,0.01105846199207008,0.006175266286412063,0.0,0
CHEMBL3545365,0.011684333393350243,0.009900223811686445,0.0,0
CHEMBL3545366,0.018492107372730972,0.011352928755333924,0.0,0
CHEMBL3545369,0.005314426450058818,0.0025784717572069774,0.0,0
CHEMBL3545413,0.00564192037563771,0.00313994348374777,0.0,0
CHEMBL3545414,0.007113694702275098,0.004114653699690825,0.0,0
CHEMBL3577885,0.007797133456915617,0.00802021334566685,0.0,0
CHEMBL3581647,0.01395787657238543,0.011083262821623035,0.0,0
CHEMBL3581693,0.006944811018183827,0.005182420036747371,0.0,0
CHEMBL3586404,0.005637197720352561,0.002217138286336757,0.0,0
CHEMBL3590106,0.008466840954497457,0.004875425191825257,0.0,0
CHEMBL3597952,0.008816318749450148,0.0039649741152070145,0.0,0
CHEMBL3601398,0.015629519429057836,0.004088885775154874,0.0,0
CHEMBL3601411,0.012488307943567634,0.009839734341088206,0.0,0
CHEMBL3608680,0.01496357130818069,0.006480962127600202,0.0,0
CHEMBL3617964,0.02043804738204926,0.030705297748459405,0.0,0
CHEMBL3621988,0.02463969774544239,0.0173700788820976,0.0,0
CHEMBL3622533,0.008912826469168068,0.005299561432657852,0.0,0
CHEMBL3622820,0.019180168537423013,0.019101376503453615,0.0,0
CHEMBL3623004,0.0025162759935483336,0.0008930611917356258,0.0,0
CHEMBL3623290,0.009638368850573897,0.0034729829037387374,0.0,0
CHEMBL3633460,0.0200728225056082,0.015113887201127035,0.0,0
CHEMBL3633802,0.0035282290074974297,0.002140931923044948,0.0,0
CHEMBL3643413,0.007341515249572694,0.0035506694264433327,0.0,0
CHEMBL3644587,0.0022694749641232193,0.0008368853395000544,0.0,0
CHEMBL3646221,0.004410404257941991,0.0022504784159932648,0.0,0
CHEMBL3647536,0.019109908072277904,0.007336245245446308,0.0,0
CHEMBL3653256,0.020230631157755852,0.014348465532976746,0.0,0
CHEMBL3655081,0.00881733507849276,0.0029883622313124536,0.0,0
CHEMBL3659477,0.009652593964710831,0.004924871901281884,0.0,0
CHEMBL3661115,0.018534670304507016,0.009002087274935167,0.0,0
CHEMBL3663929,0.013756892131641506,0.008783394312853196,0.0,0
CHEMBL3666807,0.004767211445141584,0.0025777826137088366,0.0,0
CHEMBL3668014,0.016510798037052153,0.008766124436735755,0.0,0
CHEMBL3669417,0.007693813112564385,0.0036871116851303746,0.0,0
CHEMBL3673452,0.014809510833583773,0.005800810514110746,0.0,0
CHEMBL3674570,0.018748789560049772,0.009549360697808066,0.0,0
CHEMBL3678076,0.004202064406126737,0.001754013391893849,0.0,0
CHEMBL3678958,0.006430054479278624,0.003912686511146186,0.0,0
CHEMBL3679680,0.009388407203368842,0.009927032496500688,0.0,0
CHEMBL3639788,0.004688891919795424,0.004020127646025053,0.0,0
CHEMBL3681949,0.007871390390209853,0.007521040619608937,0.0,0
CHEMBL3682589,0.0023422620724886656,0.0012409708792997032,0.0,0
CHEMBL3686884,0.01997363781556487,0.007348404354430169,0.0,0
CHEMBL3693786,0.006716805417090655,0.00524719373601106,0.0,0
CHEMBL3695568,0.003412868233863264,0.001295332578706188,0.0,0
CHEMBL3696475,0.007552023185417056,0.0025112741247133924,0.0,0
CHEMBL3701238,0.010499388049356639,0.005236591187227167,0.0,0
CHEMBL3702854,0.0074314173543825746,0.0060024212690008545,0.0,0
CHEMBL3707218,0.004180975980125368,0.0019191663834538626,0.0,0
CHEMBL3707347,0.007333934865891933,0.004189510115593415,0.0,0
CHEMBL3707392,0.007413134351372719,0.003553618412749044,0.0,0
CHEMBL3707409,0.019207888236269354,0.019078052739091883,0.0,0
CHEMBL3716057,0.013607368804514408,0.008881579158565746,0.0,0
CHEMBL3716552,0.011070448439568281,0.00794099876405468,0.0,0
CHEMBL3716365,0.008360832976177335,0.005014805173362474,0.0,0
CHEMBL3746329,0.010402199486270547,0.003978992494880836,0.0,0
CHEMBL3747513,0.003019409591797739,0.000950049309569352,0.0,0
CHEMBL3780740,0.031487632635980846,0.0174999896721114,0.0,0
CHEMBL3786098,0.010566158266738058,0.006225499236000449,0.0,0
CHEMBL3786182,0.004464534344151616,0.0034568755763751077,0.0,0
CHEMBL3787344,0.012359848292544485,0.0054354470248021295,0.0,0
CHEMBL3786343,0.006456976849585771,0.003579121059287868,0.0,0
CHEMBL3786896,0.011238128924742342,0.007516256796092111,0.0,0
CHEMBL3793226,0.006919242138974368,0.005084904557887259,0.0,0
CHEMBL3806158,0.012053565308451652,0.005596198064557733,0.0,0
CHEMBL3809489,0.00653852429240942,0.001807233491349173,0.0,0
CHEMBL3809901,0.0009379763650940731,0.0005282364281840881,0.0,0
CHEMBL3818875,0.012253263499587774,0.0074125179904353895,0.0,0
CHEMBL3828074,0.014582630642689765,0.007911693302941903,0.0,0
CHEMBL3894518,0.006245292001403868,0.0036459725524590125,0.0,0
CHEMBL3899477,0.0061839192640036345,0.0028572246320358007,0.0,0
CHEMBL3900409,0.002956725406693295,0.0016474938697186975,0.0,0
CHEMBL3900554,0.004776033747475594,0.0030903135107209104,0.0,0
CHEMBL3904602,0.004967797524295747,0.0014492871691430109,0.0,0
CHEMBL3905910,0.015689911087974906,0.00874231060901124,0.0,0
CHEMBL3907479,0.014215075224637986,0.006711399309807448,0.0,0
CHEMBL3911164,0.011170632566791027,0.006787531948599475,0.0,0
CHEMBL3916243,0.009992538252845407,0.003421495489832175,0.0,0
CHEMBL3916717,0.007238283532205969,0.0032162756032435916,0.0,0
CHEMBL3916929,0.004162190482020378,0.003829410325690077,0.0,0
CHEMBL3920982,0.008499768003821373,0.009068097189173742,0.0,0
CHEMBL3928407,0.01276654414832592,0.007966394646503883,0.0,0
CHEMBL3930624,0.0037970077246427536,0.0024656687244023396,0.0,0
CHEMBL3931971,0.004105448129121214,0.0037811746308885575,0.0,0
CHEMBL3935857,0.009248277288861573,0.0068732614669120284,0.0,0
CHEMBL3939295,0.009088193182833493,0.0051820596934872825,0.0,0
CHEMBL3945728,0.007856797031126916,0.0049845583042961985,0.0,0
CHEMBL3950712,0.005327676341403275,0.0032127015158522646,0.0,0
CHEMBL3963485,0.006698093516752124,0.003750324441184971,0.0,0
CHEMBL3967849,0.048956071655265984,0.07355955218856206,0.0,0
CHEMBL3969876,0.010472161835059524,0.003390212194299074,0.0,0
CHEMBL3975308,0.004318373440764844,0.0013838687917377898,0.0,0
CHEMBL3977543,0.004357397253625095,0.002151299498518995,0.0,0
CHEMBL3979920,0.008814545581117272,0.0034827237719880313,0.0,0
CHEMBL3982690,0.005145487771369517,0.0035793785593372348,0.0,0
CHEMBL3982723,0.013263845443725586,0.007815205026166772,0.0,0
CHEMBL3984425,0.004527332307770848,0.0017440683866457452,0.0,0
CHEMBL3986824,0.004749560274649412,0.0034367893366729512,0.0,0
CHEMBL3987016,0.008969233697280287,0.001524519629744368,0.0,0
CHEMBL3989834,0.034474160987883806,0.0156819906853466,0.0,0
CHEMBL3989870,0.03404780337586999,0.013024275031683658,0.0,0
CHEMBL3989904,0.003668592823669314,0.002709745242044322,0.0,0
CHEMBL3989926,0.01118373079225421,0.003702718194217169,0.0,0
CHEMBL3989927,0.003488887147977948,0.0025988014699822757,0.0,0
CHEMBL3989934,0.008423283649608492,0.0044408014482326345,0.0,0
CHEMBL3989941,0.008438208373263478,0.006156620238351283,0.0,0
CHEMBL3989948,0.01083311797119677,0.004154099072721204,0.0,0
CHEMBL3989951,0.004133055766578764,0.002130338853723416,0.0,0
CHEMBL3989967,0.01628817671444267,0.008110446701243647,0.0,0
CHEMBL3989970,0.004391801520250737,0.0021447624028495967,0.0,0
CHEMBL3990145,0.010750844934955239,0.0035108431278748054,0.0,0
CHEMBL3991932,0.004128939076326788,0.002193651778598122,0.0,0
CHEMBL4059888,0.0093640370760113,0.006458073715899707,0.0,0
CHEMBL4060569,0.005927652679383754,0.0026418009120784216,0.0,0
CHEMBL4065122,0.004202821536455304,0.001778769699662035,0.0,0
CHEMBL4068509,0.037119276076555255,0.021215189675045567,0.0,0
CHEMBL4068611,0.00590068525634706,0.0037307787860203735,0.0,0
CHEMBL4071161,0.004656868940219283,0.002477879656150609,0.0,0
CHEMBL4071864,0.004200134833808988,0.0018118008725382475,0.0,0
CHEMBL4072756,0.035766396392136815,0.02404709374020493,0.0,0
CHEMBL4072833,0.00428573404205963,0.002238131532429484,0.0,0
CHEMBL4073443,0.007582691614516079,0.0048284074477971855,0.0,0
CHEMBL4076837,0.009525534440763294,0.004733441315685063,0.0,0
CHEMBL4078100,0.01167688260320574,0.0051279883248883775,0.0,0
CHEMBL4078588,0.004280249739531427,0.0014532563583335033,0.0,0
CHEMBL4079239,0.007660049200057984,0.0017557204692741106,0.0,0
CHEMBL4080062,0.00535050769103691,0.003636177143909852,0.0,0
CHEMBL4080228,0.012589972652494907,0.006491888833196063,0.0,0
CHEMBL4081711,0.008596973586827516,0.004336345112449193,0.0,0
CHEMBL4084907,0.005762663634959609,0.0033081428379899617,0.0,0
CHEMBL4085457,0.01682028246577829,0.016633569912240926,0.0,0
CHEMBL4086143,0.004882577271200716,0.0033700874746025915,0.0,0
CHEMBL4086816,0.0010058644780656322,0.0006096790167188245,0.0,0
CHEMBL4091762,0.018488780315965413,0.0072647359867174235,0.0,0
CHEMBL4091801,0.00739409108646214,0.0023253509288405473,0.0,0
CHEMBL4093031,0.007031698548234999,0.003722209017684491,0.0,0
CHEMBL4094440,0.004903399758040905,0.002445354116498323,0.0,0
CHEMBL4098253,0.005064545501954854,0.002517286065807486,0.0,0
CHEMBL4105630,0.006564012926537544,0.006106164933300244,0.0,0
CHEMBL4110551,0.00642699085874483,0.004580084608558813,0.0,0
CHEMBL4112930,0.0032962562050670384,0.0017126919076681818,0.0,0
CHEMBL4113131,0.023587937792763115,0.017320414277437045,0.0,0
CHEMBL4116008,0.0036433650413528083,0.0019570075357806262,0.0,0
CHEMBL4163691,0.006993003073148429,0.0031355836144213224,0.0,0
CHEMBL4167360,0.007397269341163337,0.004020206902412609,0.0,0
CHEMBL4173974,0.021080613369122148,0.008799305809875554,0.0,0
CHEMBL4175981,0.003025457006879151,0.0013721592247783263,0.0,0
CHEMBL4204869,0.0046088132075965405,0.0019817626323232976,0.0,0
CHEMBL4205422,0.004816971404943615,0.0028505496621808006,0.0,0
CHEMBL4206033,0.015167349576950073,0.011889961964285498,0.0,0
CHEMBL4206492,0.011725226743146777,0.00627702262464235,0.0,0
CHEMBL4208229,0.007761712884530425,0.006124116724744967,0.0,0
CHEMBL4209157,0.004222159762866795,0.0034299676942375684,0.0,0
CHEMBL4212531,0.009425131371244788,0.0066283236737258505,0.0,0
CHEMBL4217292,0.004576960840495303,0.002105826313298376,0.0,0
CHEMBL4218271,0.0003779665072215721,0.0002342849335570219,0.0,0
CHEMBL4225088,0.01190060111694038,0.00531297333708617,0.0,0
CHEMBL4225966,0.007681890344247222,0.003679589261205869,0.0,0
CHEMBL4227505,0.0063906122464686636,0.0036576113293542933,0.0,0
CHEMBL4227736,0.006752217723987997,0.003608023779842473,0.0,0
CHEMBL4228124,0.0025791480846237393,0.002657082363480614,0.0,0
CHEMBL4228250,0.0007565237843664363,0.0006262621368892305,0.0,0
CHEMBL4249337,0.004799325845669955,0.004178691386266859,0.0,0
CHEMBL4250860,0.015158592024818063,0.021218496074583985,0.0,0
CHEMBL4279047,0.007217083079740405,0.0023866932720231805,0.0,0
CHEMBL4279521,0.021905586030334233,0.0120406673200778,0.0,0
CHEMBL4283683,0.009124802122823895,0.003928366492895163,0.0,0
CHEMBL4285417,0.004266358504537493,0.0018240691234658218,0.0,0
CHEMBL4290141,0.007523646228946745,0.006994724696099747,0.0,0
CHEMBL4292264,0.030769004952162504,0.02689914688450947,0.0,0
CHEMBL4296717,0.00984677083324641,0.003751110651094802,0.0,0
CHEMBL4296719,0.0001617910740606021,7.154968719671619e-05,0.0,0
CHEMBL4297183,0.0483554289676249,0.06584269151840977,0.0,0
CHEMBL4297184,0.006691148411482573,0.0032287043036920114,0.0,0
CHEMBL4297224,0.014325934322550892,0.006291114321959354,0.0,0
CHEMBL4297287,0.007530873222276568,0.003115710130741803,0.0,0
CHEMBL4297299,0.004945349344052374,0.0018187838977072733,0.0,0
CHEMBL4297305,0.004079744406044483,0.0019887270049843953,0.0,0
CHEMBL4297317,0.01564469626173377,0.00685112527119288,0.0,0
CHEMBL4297422,0.004315520799718797,0.0016403445423830985,0.0,0
CHEMBL4297454,0.006951751420274377,0.004261740929773746,0.0,0
CHEMBL4297463,0.0075731371529400345,0.0031909821661547186,0.0,0
CHEMBL4297468,0.003094664227683097,0.0011389929562687514,0.0,0
CHEMBL4297488,0.0069116056896746155,0.0044606183419794426,0.0,0
CHEMBL4297507,0.014080374722834677,0.011318738230914867,0.0,0
CHEMBL4297520,0.014595212880522013,0.007459877710059972,0.0,0
CHEMBL4297527,0.01919173002243042,0.009545081082010808,0.0,0
CHEMBL4297584,0.0042024917784146965,0.0022035144525693272,0.0,0
CHEMBL4297594,0.011844704556278885,0.008132021899762792,0.0,0
CHEMBL4297604,0.017127133114263414,0.01787796065666379,0.0,0
CHEMBL4297609,0.00305060229729861,0.001144165379105169,0.0,0
CHEMBL4297610,0.026374548859894275,0.017827805479478855,0.0,0
CHEMBL4297615,0.004130417620763183,0.0018895045615338194,0.0,0
CHEMBL4297625,0.003299823438283056,0.0014732931252884984,0.0,0
CHEMBL4297627,0.004828235134482384,0.0027098810364810807,0.0,0
CHEMBL4297635,0.01814541781786829,0.019399596538948502,0.0,0
CHEMBL4297640,0.005074465280631557,0.0037401225176162444,0.0,0
CHEMBL4297644,0.006156885251402855,0.003394211505244876,0.0,0
CHEMBL4297648,0.0032931524328887463,0.0010849064533411214,0.0,0
CHEMBL4297666,0.008363194251433014,0.004621048512455172,0.0,0
CHEMBL4297674,0.022219480853527783,0.011530328447724945,0.0,0
CHEMBL4297865,0.012790821236558258,0.009931556891613727,0.0,0
CHEMBL4298138,0.006561672512907535,0.003391079080698939,0.0,0
CHEMBL4301600,0.035020488500595096,0.01904484111824032,0.0,0
CHEMBL4303241,0.0074542448157444595,0.004580144772113199,0.0,0
CHEMBL4303323,0.0079156001098454,0.0028324279724544136,0.0,0
CHEMBL4303404,0.01565001020208001,0.007165706589476876,0.0,0
CHEMBL4303782,0.004752094752620906,0.0034107738538035667,0.0,0
CHEMBL4435170,0.003916366002522409,0.0014171677923639086,0.0,0
CHEMBL4439321,0.0046545661520212885,0.0018522329761068363,0.0,0
CHEMBL4442620,0.00753908408805728,0.005886278921706428,0.0,0
CHEMBL4446378,0.04128842726349831,0.02843830182519071,0.0,0
CHEMBL4456123,0.010592080978676676,0.008017175463924376,0.0,0
CHEMBL4457723,0.012248031044146046,0.01526361959766359,0.0,0
CHEMBL4459585,0.007029437250457704,0.0033228912364023917,0.0,0
CHEMBL4462530,0.009073537494987249,0.0034585366898934266,0.0,0
CHEMBL4466233,0.0034572623786516487,0.0014521210864508504,0.0,0
CHEMBL4471306,0.002847727597691119,0.001409524413006511,0.0,0
CHEMBL4514636,0.017715049907565117,0.00890791375264004,0.0,0
CHEMBL4526356,0.0005848271932336502,0.00028799429917235813,0.0,0
CHEMBL4541964,0.006950052338652313,0.0036269068232794013,0.0,0
CHEMBL4558324,0.007938760472461582,0.003938499213732913,0.0,0
CHEMBL4567446,0.014753198996186257,0.009667434532674895,0.0,0
CHEMBL4577523,0.010867188032716513,0.004218613421536771,0.0,0
CHEMBL4578881,0.007443312974646688,0.004039710353007712,0.0,0
CHEMBL4583691,0.007312364340759814,0.0028355312862100228,0.0,0
CHEMBL4592045,0.017765242233872415,0.00820186708691573,0.0,0
CHEMBL4594280,0.00037095485458849,0.0002677320848269581,0.0,0
CHEMBL4594298,0.008494337974116205,0.004502440849942065,0.0,0
CHEMBL4594348,0.015944124246016145,0.008305054899001017,0.0,0
CHEMBL4594350,0.02886254768818617,0.02966714751885816,0.0,0
CHEMBL4594419,0.05556635262910277,0.08309425940069268,0.0,0
CHEMBL4594423,0.00493808452738449,0.0037375866057094403,0.0,0
CHEMBL4594429,0.018042479082942008,0.01093988900658196,0.0,0
CHEMBL4594432,0.006077234540134669,0.0034209653190321395,0.0,0
CHEMBL4594446,0.02310990886762738,0.015607560184221282,0.0,0
CHEMBL4594448,0.008378553343936801,0.003874528840900059,0.0,0
CHEMBL4634542,0.008198130782693625,0.007751816892524934,0.0,0
CHEMBL4647810,0.006549121125135571,0.005099089262392941,0.0,0
CHEMBL4648616,0.006993607617914677,0.00459753890782005,0.0,0
CHEMBL4649457,0.004027171107009053,0.0020464928030682686,0.0,0
CHEMBL4650304,0.011759679159149527,0.0069527582225140236,0.0,0
CHEMBL4650316,0.004554616543464363,0.0019578274030825665,0.0,0
CHEMBL4650323,0.007540722074918449,0.0024810785803746752,0.0,0
CHEMBL4650334,0.00150296229403466,0.00038719803161029717,0.0,0
CHEMBL4650360,0.007512738602235914,0.0073041565771740195,0.0,0
CHEMBL4650365,0.006303243315778672,0.00229493742055019,0.0,0
CHEMBL4650521,0.006150800420437008,0.0034757630765464573,0.0,0
